product_id,name,category,brand,unit_price,available_quantity,status,source_system,dq_flag,dw_created_date,dw_modified_date,dw_created_by,dw_modified_by,run_id,batch_id
fea51b5d-c3c6-4401-b213-00f05a827f8f,Philips Sunscreen Lite,Beauty & Personal Care,Philips,295.51,173,active,flipkart_seller_portal,valid,2018-03-10 13:51:45,2018-03-10 13:51:45,etl_service,etl_service,23bfe7ed-4f64-4212-a12a-09d64bd68762,BATCH_2881
ce4c2730-64a4-472e-bdfb-873ef705342c,Dove Shampoo Pro,Beauty & Personal Care,Dove,2256.91,34,active,flipkart_web,duplicate,2020-08-15 16:30:43,2020-08-15 16:30:43,etl_service,etl_service,d4672987-eeb1-4987-bcf3-4414260ded09,BATCH_4457
45ab5cd0-853d-47f5-b057-e689e61e7b06,Disney Remote Control Car Standard,Toys & Baby,Disney,884.47,29,active,flipkart_seller_portal,valid,2022-04-15 00:31:52,2022-04-15 00:31:52,etl_service,etl_service,7088ebac-187b-4f22-b707-f08171393861,BATCH_6841
c4352a41-340f-4c9f-8f08-07c0166688db,Cosco Dumbbells Plus,Sports & Fitness,Cosco,358.15,168,active,flipkart_web,invalid,2022-04-30 01:21:29,2022-04-30 01:21:29,etl_service,etl_service,35081bb2-792a-4d07-9520-706f739d1b99,BATCH_1980
b1437bdd-1ca9-4b4e-b4ff-ffbbdfae0a7d,Patanjali Wheat Flour Edition 2026,Grocery,Patanjali,275.13,403,active,flipkart_seller_portal,valid,2025-03-19 19:20:17,2025-03-19 19:20:17,etl_service,etl_service,c234fbcb-e328-41d9-9075-8e0df733f400,BATCH_5813
cfecb903-ffc0-475d-a330-4f249f45f62e,Oxford Children's Book Standard,Books,Oxford,228.09,233,discontinued,flipkart_seller_portal,valid,2024-07-16 16:32:38,2024-07-16 16:32:38,etl_service,etl_service,49c2acfb-ebd7-413b-b2a7-2829c6cecd08,BATCH_2013
44dfdba5-effe-444a-bb84-f8f2e685f12f,HP Keyboard Lite,Electronics,HP,29322.79,86,active,flipkart_seller_portal,valid,2022-10-03 20:01:04,2022-10-03 20:01:04,etl_service,etl_service,79545b19-d7ec-4464-88e3-7d2c5d55e3e7,BATCH_1815
8ca42d4d-8a0f-4900-8a36-8134a4e95a19,Fisher-Price Remote Control Car Edition 2026,Toys & Baby,Fisher-Price,3171.58,232,active,flipkart_seller_portal,valid,2022-08-10 03:00:33,2022-08-10 03:00:33,etl_service,etl_service,d569f15f-3706-4eff-ba25-636321d7bd31,BATCH_4970
2d66510f-1e6f-4e70-a905-182e9389721e,Penguin Poetry Collection Max,Books,Penguin,991.95,305,active,flipkart_web,valid,2020-12-22 11:58:39,2020-12-22 11:58:39,etl_service,etl_service,c08d602c-4bf7-45f5-a39c-d083f4bb1c1c,BATCH_4512
71eaee15-9b2e-4c87-b695-88d0e841c5d2,Puma Jeans Max,Fashion,Puma,4895.7,406,discontinued,flipkart_seller_portal,valid,2025-08-08 05:20:25,2025-08-08 05:20:25,etl_service,etl_service,7a7ece76-a3da-4096-ae54-3ca924484f1e,BATCH_7371
e3e7057c-99e6-4ef9-a3a7-ca7262d6451f,Maybelline Sunscreen Standard,Beauty & Personal Care,Maybelline,489.86,269,active,flipkart_seller_portal,valid,2025-01-21 21:09:30,2025-01-21 21:09:30,etl_service,etl_service,36bb948f-e7ac-455d-9712-e19340bb2195,BATCH_4834
3348ad5e-f2bc-4fe0-abb8-88f922775648,Boldfit Cycling Helmet Classic,Sports & Fitness,Boldfit,8156.35,480,active,flipkart_app,valid,2018-01-07 18:43:48,2018-01-07 18:43:48,etl_service,etl_service,79616846-a331-44e8-8403-1c9831b7097e,BATCH_7761
b72b0491-acf9-4322-b9ea-c5d9de0dfb73,Realme Camera Pro,Electronics,Realme,21733.05,294,active,flipkart_seller_portal,valid,2018-11-02 21:42:19,2018-11-02 21:42:19,etl_service,etl_service,7b7e3801-34bb-40ed-ae44-436f1606821d,BATCH_2399
c0d50e81-cee9-4575-8477-b4b071b5db13,SG Fitness Band Edition 2026,Sports & Fitness,SG,9425.47,411,discontinued,flipkart_app,valid,2018-11-27 09:54:27,2018-11-27 09:54:27,etl_service,etl_service,daaf4b97-d399-4127-83f9-d8ecc45a330b,BATCH_7624
3579224e-d5d7-44d5-bd95-0f8305df7a12,Haldirams Spice Mix Pro,Grocery,Haldirams,607.63,426,active,flipkart_seller_portal,valid,2024-03-03 12:12:29,2024-03-03 12:12:29,etl_service,etl_service,67cb34da-fffd-41b6-b18e-85023db5404d,BATCH_5357
e3807545-9d80-41b8-8dfa-b9744c75d98a,Nike Kurta Standard,Fashion,Nike,1839.78,4,active,flipkart_web,invalid,2020-04-11 05:54:53,2020-04-11 05:54:53,etl_service,etl_service,63ac1812-bd31-4eae-a06a-1f16fcbba45f,BATCH_2095
bb2aae40-4886-4ea9-b0e7-1037373b8d04,Disney Tricycle Plus,Toys & Baby,Disney,4256.84,274,out_of_stock,flipkart_seller_portal,invalid,2022-02-17 04:30:56,2022-02-17 04:30:56,etl_service,etl_service,6352c616-6539-4231-8b5f-757faea00812,BATCH_2349
c1bcc708-7c6b-4701-8683-40d9f70f3163,OnePlus Headphones Lite,Electronics,OnePlus,58260.43,413,out_of_stock,flipkart_app,invalid,2020-06-25 02:45:09,2020-06-25 02:45:09,etl_service,etl_service,a650a85e-3876-415e-b64e-8ec7602ff99a,BATCH_6569
c80fba41-0ec8-4758-8ecf-2fdbd01d7573,Funskool Tricycle Standard,Toys & Baby,Funskool,1281.02,106,active,flipkart_seller_portal,valid,2018-10-15 11:02:46,2018-10-15 11:02:46,etl_service,etl_service,3c7515a9-b450-4b61-b9e8-41aeeb6bf087,BATCH_9011
d3c51381-4c3f-41f6-9271-733f924add3c,JBL Keyboard Edition 2026,Electronics,JBL,30378.52,466,out_of_stock,flipkart_app,valid,2022-08-15 05:04:56,2022-08-15 05:04:56,etl_service,etl_service,379b3be0-a6a9-4f2b-906f-1831cf9a8b15,BATCH_5461
aa430546-a813-4e56-acdf-37cd92b916c2,Xiaomi Power Bank Max,Electronics,Xiaomi,44058.38,144,active,flipkart_app,valid,2020-11-12 12:17:33,2020-11-12 12:17:33,etl_service,etl_service,d47f0ce6-cb74-4f1e-8721-6aedf4204f62,BATCH_8476
f1d803b6-7f0a-4630-96a9-90cf9aaff9ad,Fortune Cooking Oil Standard,Grocery,Fortune,553.39,481,discontinued,flipkart_web,duplicate,2020-05-26 15:39:01,2020-05-26 15:39:01,etl_service,etl_service,6009af9f-7944-40c5-bc4e-fcbf41d9af12,BATCH_7753
bd4207c1-9932-4e65-94b4-7f7525a31bc4,Raymond Kurta Max,Fashion,Raymond,3564.56,211,active,flipkart_web,valid,2022-05-07 10:45:08,2022-05-07 10:45:08,etl_service,etl_service,c2aa71cd-5768-4fa2-b123-a83b0c0455a4,BATCH_1375
8d71749e-4197-483e-ab9f-27914293e6ff,Adidas Yoga Mat Classic,Sports & Fitness,Adidas,5995.84,381,out_of_stock,flipkart_web,valid,2025-07-11 11:59:10,2025-07-11 11:59:10,etl_service,etl_service,8acb8101-5fe6-4585-9fce-6bb0fafae16b,BATCH_6687
4e924edf-d815-41c6-9e2e-7cc3fafa664d,Prestige Dinner Set Edition 2026,Home & Kitchen,Prestige,10880.27,293,active,flipkart_seller_portal,valid,2023-02-13 22:51:30,2023-02-13 22:51:30,etl_service,etl_service,1b062a90-c5c8-4703-bac1-35c56c4d21e7,BATCH_1693
c69ca640-3c3a-4860-be31-76093c8b0bec,Wow Skin Science Body Lotion Max,Beauty & Personal Care,Wow Skin Science,909.15,318,active,flipkart_web,valid,2020-12-18 17:44:57,2020-12-18 17:44:57,etl_service,etl_service,dcffae8c-2816-49ab-9373-3010abdfb6ff,BATCH_3655
7cd81035-178c-4575-b16a-63038b87b168,Fabindia Handbag Lite,Fashion,Fabindia,1636.28,52,active,flipkart_web,valid,2020-06-05 19:41:59,2020-06-05 19:41:59,etl_service,etl_service,6a3b4ae0-0c2c-444e-a167-7b5fe1ac432f,BATCH_8312
64fb4822-b00f-48af-aeb0-9880163c57de,Haldirams Spice Mix Standard,Grocery,Haldirams,257.29,48,active,flipkart_seller_portal,valid,2019-07-17 20:13:14,2019-07-17 20:13:14,etl_service,etl_service,79dff402-01b1-4009-bddf-1f284cc878c9,BATCH_5873
9cddb359-9a69-4b4b-963f-c83dc94a6a89,LOreal Shampoo Pro,Beauty & Personal Care,LOreal,2187.0,93,out_of_stock,flipkart_web,valid,2018-08-25 16:22:16,2018-08-25 16:22:16,etl_service,etl_service,8ec701f8-d60b-42b8-8450-3b830b2b60b1,BATCH_2345
00c3a79f-d3a2-465f-9c87-685dce40412b,boAt Power Bank,Electronics,boAt,54050.6,95,discontinued,flipkart_app,valid,2022-09-22 04:27:40,2022-09-22 04:27:40,etl_service,etl_service,121e4f0c-fdfa-4ee5-aac1-ff57770489fc,BATCH_6851
5e16995f-3251-4239-a025-204370eb7339,Saffola Basmati Rice Classic,Grocery,Saffola,1349.2,214,active,flipkart_web,valid,2019-11-22 19:44:24,2019-11-22 19:44:24,etl_service,etl_service,9609734c-597d-4ccc-b00b-884b173b44b7,BATCH_3799
86e7997c-d5fe-405e-899b-95bddbb38a39,Aashirvaad Wheat Flour Edition 2026,Grocery,Aashirvaad,330.58,202,out_of_stock,flipkart_seller_portal,valid,2021-09-28 04:03:21,2021-09-28 04:03:21,etl_service,etl_service,ae493967-2d4d-4f0e-9707-e229c4f5b673,BATCH_3228
32dfc99f-8335-4dc5-ab27-40ced9af85ab,Bajaj Mixer Grinder,Home & Kitchen,Bajaj,14935.32,351,out_of_stock,flipkart_web,valid,2024-01-03 14:07:21,2024-01-03 14:07:21,etl_service,etl_service,7b1a944c-9f49-4a77-9fd1-9b276db28131,BATCH_5488
2022f167-b6fb-4fa2-a985-51e61004fc5e,US Polo Jeans Classic,Fashion,US Polo,3975.7,391,active,flipkart_web,invalid,2025-08-16 16:26:29,2025-08-16 16:26:29,etl_service,etl_service,ab42fecf-ca9d-42cb-91c3-61d881777f61,BATCH_5212
579cb279-c7ec-43e9-bb7a-fce1f5a6c91f,Oxford Biography Classic,Books,Oxford,609.82,261,active,flipkart_seller_portal,invalid,2023-04-21 08:51:15,2023-04-21 08:51:15,etl_service,etl_service,52eaf72f-ba22-4364-9877-73e84020dad2,BATCH_5123
c9cf0455-c720-4efd-9308-16d21e4cc9e1,Lakme Trimmer,Beauty & Personal Care,Lakme,1706.32,498,active,flipkart_seller_portal,invalid,2025-12-08 15:16:05,2025-12-08 15:16:05,etl_service,etl_service,27993fc9-61be-4bcc-9a44-5eba96eaa9fb,BATCH_9254
85bcbc09-3de9-4599-b06f-d2ad056de683,boAt Tablet Edition 2026,Electronics,boAt,78402.55,133,active,flipkart_seller_portal,valid,2021-08-17 02:19:14,2021-08-17 02:19:14,etl_service,etl_service,bde8b1ea-a661-4164-ae98-d3e160552374,BATCH_8496
927818b2-eebe-441b-9078-d49b92b8764d,Macmillan Comic Book Max,Books,Macmillan,299.61,458,out_of_stock,flipkart_seller_portal,valid,2020-10-25 03:22:01,2020-10-25 03:22:01,etl_service,etl_service,4aeab20d-27c5-4af2-ad9e-0b7abab02e3e,BATCH_9179
1fdcff4b-1ad4-4421-b919-28e99734af09,Pigeon Vacuum Cleaner,Home & Kitchen,Pigeon,7365.36,440,active,flipkart_web,valid,2025-01-16 03:01:23,2025-01-16 03:01:23,etl_service,etl_service,3259a4a2-4b00-4565-aefb-8bfe06ac756e,BATCH_8080
0a2b62a6-1183-4cc4-8f7f-5ae1198a7944,Bloomsbury Children's Book Pro,Books,Bloomsbury,943.62,449,discontinued,flipkart_app,invalid,2026-02-06 05:28:36,2026-02-06 05:28:36,etl_service,etl_service,3fe61ad9-d5b2-41e2-a41b-a3117a14c8dd,BATCH_1911
c2e2da05-a580-4288-b64e-6d0433932584,Aashirvaad Almonds,Grocery,Aashirvaad,657.5,472,active,flipkart_app,valid,2025-05-04 22:20:38,2025-05-04 22:20:38,etl_service,etl_service,99c3f9c7-31d6-4b97-80eb-f06b71c96c03,BATCH_6521
3d9e7710-c055-43eb-9aff-2871defb34e5,Oxford Novel Classic,Books,Oxford,460.98,499,discontinued,flipkart_seller_portal,invalid,2021-03-25 20:22:32,2021-03-25 20:22:32,etl_service,etl_service,05b396e5-2238-409c-a970-ef399395d929,BATCH_5105
21e4cec7-2858-4ef4-b8a1-169d149855de,Barbie Action Figure Classic,Toys & Baby,Barbie,4234.73,145,discontinued,flipkart_app,invalid,2025-12-28 01:26:05,2025-12-28 01:26:05,etl_service,etl_service,d0b117cf-26a8-49b2-bf16-7a41ea259abc,BATCH_5514
5ceabe42-e419-412f-902c-444161049b8b,Pearson Biography Classic,Books,Pearson,909.6,131,active,flipkart_web,valid,2020-03-21 20:26:39,2020-03-21 20:26:39,etl_service,etl_service,909c50e2-7028-4cb3-9a98-efec5e579751,BATCH_8550
41c9bf24-60a2-4e87-b34b-9d3c72a250a4,Nivea Perfume,Beauty & Personal Care,Nivea,1275.15,51,active,flipkart_app,valid,2022-02-05 09:09:53,2022-02-05 09:09:53,etl_service,etl_service,16a8968e-086f-4673-ab46-829a517c14f9,BATCH_1066
6024582c-115f-4273-9673-97c0b1a5d52f,Adidas Football Max,Sports & Fitness,Adidas,609.14,199,active,flipkart_seller_portal,invalid,2020-04-25 20:36:01,2020-04-25 20:36:01,etl_service,etl_service,87d3187a-d5a4-411a-9d29-277d2f6ec87c,BATCH_7410
1afbfac6-c3da-4da8-93ef-7defdadc8603,Nike Belt Standard,Fashion,Nike,699.77,89,out_of_stock,flipkart_web,valid,2024-05-10 16:43:32,2024-05-10 16:43:32,etl_service,etl_service,b2d16885-519c-4df0-b974-e9305c4dc9e8,BATCH_8682
71a8cd05-ee26-4d68-9bb4-04a016f8bd49,Hot Wheels Tricycle Edition 2026,Toys & Baby,Hot Wheels,1096.95,139,out_of_stock,flipkart_seller_portal,valid,2026-08-08 21:11:37,2026-08-08 21:11:37,etl_service,etl_service,71380327-cc5b-417b-8405-f9b5101ca36a,BATCH_1206
12536cb4-5ddf-4738-9a8f-bddee1354b27,Britannia Pasta Max,Grocery,Britannia,804.96,394,discontinued,flipkart_web,valid,2023-07-15 19:49:03,2023-07-15 19:49:03,etl_service,etl_service,f519ec06-acce-4780-aae3-2c3a3b5b6afc,BATCH_4230
d84c52f2-0a80-4bcc-b3f5-ebc39c5bfe62,Samsung Camera,Electronics,Samsung,75729.5,381,active,flipkart_seller_portal,valid,2021-05-01 10:17:10,2021-05-01 10:17:10,etl_service,etl_service,aa88861b-1890-4ed8-a7b5-7ada61d479f9,BATCH_6314
b50fb068-6073-42f8-b4a4-56992e711b21,Wilson Cycling Helmet Lite,Sports & Fitness,Wilson,8371.89,193,active,flipkart_seller_portal,duplicate,2026-02-14 09:29:31,2026-02-14 09:29:31,etl_service,etl_service,a21c9507-7d8b-41c3-b2ac-d6a4e4a9e086,BATCH_1286
6bcc4da4-af00-4cfa-a632-367f70439deb,Penguin Textbook Plus,Books,Penguin,978.98,365,active,flipkart_app,valid,2018-11-12 17:11:45,2018-11-12 17:11:45,etl_service,etl_service,ed26e16c-4960-4348-9743-0b5f544af2dc,BATCH_3460
0a9ea498-b7c3-4195-a0bd-69d0b8c02ae8,Pearson Biography Standard,Books,Pearson,701.23,42,active,flipkart_app,valid,2024-03-11 19:06:40,2024-03-11 19:06:40,etl_service,etl_service,31081c4c-2429-4e47-ac52-863029099b0c,BATCH_6289
7803369e-ae11-4127-b931-3bed6fde83ca,US Polo Sneakers,Fashion,US Polo,3397.34,382,active,flipkart_web,valid,2020-06-05 10:55:39,2020-06-05 10:55:39,etl_service,etl_service,75ae1291-3486-482d-a00b-4c80eeaae66a,BATCH_4164
45300ffc-40f7-446b-89a3-6af1f340397d,HP Tablet Standard,Electronics,HP,44300.95,350,active,flipkart_web,invalid,2026-05-14 14:39:39,2026-05-14 14:39:39,etl_service,etl_service,7c28e853-fb93-41de-b628-306964ae6e86,BATCH_9785
96b5cdbb-e2d3-45a6-9661-6a86f84c0a20,Havells Water Bottle,Home & Kitchen,Havells,12340.13,368,active,flipkart_app,valid,2025-08-19 04:52:31,2025-08-19 04:52:31,etl_service,etl_service,50acb736-a1e6-4dcf-bf6d-94da84e36da8,BATCH_5002
c40eb128-ee9a-4b25-8f37-c1f454e51b6d,Dove Hair Dryer Max,Beauty & Personal Care,Dove,345.5,204,active,flipkart_web,valid,2024-11-28 13:47:01,2024-11-28 13:47:01,etl_service,etl_service,4649baec-3659-4d1c-97a0-44bf79bf094b,BATCH_1733
cfdf18e4-897c-42db-8cb6-5dca70ad978b,Adidas T-Shirt Pro,Fashion,Adidas,403.26,473,active,flipkart_app,valid,2019-01-20 15:41:39,2019-01-20 15:41:39,etl_service,etl_service,81592932-ed8c-4a26-9880-96f6dcf8066b,BATCH_4236
1b0befee-e7a8-4e7d-8ca6-470e0c8e6537,Pearson Novel Lite,Books,Pearson,121.48,140,active,flipkart_seller_portal,valid,2021-06-01 04:46:22,2021-06-01 04:46:22,etl_service,etl_service,c6f50256-fb27-4436-b194-f340cd911e5b,BATCH_9624
ecdbf6d6-6126-4fb6-9e80-a8e0e54586e9,India Gate Spice Mix Max,Grocery,India Gate,383.29,236,discontinued,flipkart_web,valid,2019-04-18 17:55:09,2019-04-18 17:55:09,etl_service,etl_service,f4d31059-0d34-4226-9abd-ca2e49c2f321,BATCH_8853
37c03106-d4f5-44e5-b0ba-b48f3fb1594f,Allen Solly T-Shirt Max,Fashion,Allen Solly,1247.59,196,active,flipkart_seller_portal,valid,2021-09-14 05:26:49,2021-09-14 05:26:49,etl_service,etl_service,aa561808-14b2-453d-9303-bb05130a5e48,BATCH_1640
be137030-b259-4799-8298-7209e609aff3,Pearson Poetry Collection Classic,Books,Pearson,733.92,205,out_of_stock,flipkart_web,valid,2024-12-16 09:12:32,2024-12-16 09:12:32,etl_service,etl_service,b48c3818-719c-4298-8553-2f933090902a,BATCH_9697
ab84b867-b94b-4b4d-b286-2e14e6097176,Nescafe Green Tea Plus,Grocery,Nescafe,282.67,286,out_of_stock,flipkart_app,duplicate,2022-03-08 05:52:06,2022-03-08 05:52:06,etl_service,etl_service,84ed1d5c-4e3c-402f-990c-d0ad5845d28b,BATCH_7746
8c82d869-e656-42f1-b61a-66bee34f1b50,Van Heusen Jeans Pro,Fashion,Van Heusen,2980.68,93,active,flipkart_web,valid,2021-04-20 14:48:27,2021-04-20 14:48:27,etl_service,etl_service,84ce71d6-7ed2-4aee-bc8d-ae05c891b510,BATCH_2088
8b3c5841-db3e-4f30-affc-9fdb7bbf1b2e,OnePlus Smartphone Edition 2026,Electronics,OnePlus,14624.93,84,active,flipkart_seller_portal,valid,2026-12-02 05:20:36,2026-12-02 05:20:36,etl_service,etl_service,0f4e8993-163e-47d6-b75b-9455a5dab06d,BATCH_8155
659abe49-7734-4c1b-9ad0-e1ff6c01a43d,boAt Smartwatch Classic,Electronics,boAt,8407.99,120,active,flipkart_web,duplicate,2021-02-23 07:19:12,2021-02-23 07:19:12,etl_service,etl_service,6d9d32c7-224e-41e1-b70e-95cbbfb1020e,BATCH_7363
6d479e7f-a4e1-4a25-b480-966ea15eac4b,Puma Sunglasses Lite,Fashion,Puma,4041.86,445,out_of_stock,flipkart_seller_portal,valid,2026-09-20 18:18:05,2026-09-20 18:18:05,etl_service,etl_service,b65d5388-53b6-4d18-95ca-b9f9b61d40eb,BATCH_6645
04ba91be-9efc-4a9a-9e29-840aabd68fcc,Disney Doll House Plus,Toys & Baby,Disney,2699.53,229,active,flipkart_seller_portal,valid,2026-09-08 19:20:45,2026-09-08 19:20:45,etl_service,etl_service,9fa6bff1-9935-4864-a098-2270b1ab4915,BATCH_4115
38d6419e-e25d-478f-a4b8-5cd871f3bef8,Funskool Puzzle Set Pro,Toys & Baby,Funskool,3944.28,337,active,flipkart_web,invalid,2022-03-23 08:03:18,2022-03-23 08:03:18,etl_service,etl_service,32e09c3d-45b5-44d2-bc3d-7d4207f56873,BATCH_7822
53903235-8a6a-4c63-a1e8-7cfdd1039e50,Nike T-Shirt,Fashion,Nike,374.9,455,discontinued,flipkart_web,valid,2018-06-08 11:37:32,2018-06-08 11:37:32,etl_service,etl_service,4b02f712-424b-4f01-aa15-7d8b69f2ec78,BATCH_8039
5d2b9bbe-a7ea-42c4-8bd7-d27d4803900b,Puma Running Shoes Pro,Sports & Fitness,Puma,8096.62,252,active,flipkart_seller_portal,valid,2021-08-03 06:22:12,2021-08-03 06:22:12,etl_service,etl_service,5ec47ecf-a606-49d8-8380-e794a4b90692,BATCH_9913
dbb98cb5-c4cd-4fa5-a087-9489fdfd3a75,Samsung Camera Standard,Electronics,Samsung,43043.28,46,active,flipkart_web,valid,2019-05-10 15:22:51,2019-05-10 15:22:51,etl_service,etl_service,d694e221-80cb-4efe-a503-180c2dbce6ea,BATCH_2096
e1e8054a-d565-4b8c-97e9-d7cc3e2e1585,Simon & Schuster Poetry Collection Plus,Books,Simon & Schuster,205.77,363,out_of_stock,flipkart_app,valid,2021-04-21 15:45:38,2021-04-21 15:45:38,etl_service,etl_service,dc859c02-bf3e-4ed9-9893-903bb99c3406,BATCH_9747
a83733c3-e29f-4dc7-9af9-d818f961d1bf,Philips Lipstick,Beauty & Personal Care,Philips,882.41,310,active,flipkart_app,valid,2021-09-08 05:24:21,2021-09-08 05:24:21,etl_service,etl_service,c8669064-4c61-49a8-a7e5-17cafc696a29,BATCH_7582
d4f67a59-58c1-445c-a0df-91a9b30d8da2,Levis Watch Classic,Fashion,Levis,1164.54,154,active,flipkart_seller_portal,duplicate,2020-04-22 21:13:29,2020-04-22 21:13:29,etl_service,etl_service,d13c6063-80dc-4489-8a46-87fac64c312a,BATCH_8295
5fdc79b7-a248-4b58-9ac2-12b0272dfd01,Scholastic Textbook Edition 2026,Books,Scholastic,915.17,275,active,flipkart_web,valid,2022-07-15 16:13:04,2022-07-15 16:13:04,etl_service,etl_service,db3f06fb-2712-41a6-9a94-6ebe773eda71,BATCH_4445
6f7d0f58-e46a-4d8e-991b-35c48a7878e4,Dove Shampoo Edition 2026,Beauty & Personal Care,Dove,1578.65,141,active,flipkart_seller_portal,valid,2024-05-30 00:08:50,2024-05-30 00:08:50,etl_service,etl_service,3c3dc747-935f-440b-b510-187d40af092e,BATCH_2159
546e6186-6679-4e06-9725-e1b4cf207af2,Rupa Publications Self-Help Book Lite,Books,Rupa Publications,274.69,431,active,flipkart_seller_portal,valid,2025-06-04 02:51:22,2025-06-04 02:51:22,etl_service,etl_service,098214e7-5fb4-4814-a69a-d2db1ef6a45c,BATCH_4526
3dbf192b-d5a0-450e-9b4d-f399ee6e80c6,Levis Jacket,Fashion,Levis,1102.09,190,active,flipkart_seller_portal,invalid,2025-09-04 03:24:16,2025-09-04 03:24:16,etl_service,etl_service,e28d856a-880c-4783-b7d1-54cbb8b99626,BATCH_3389
12e98f0c-c165-4d30-a114-07c7aabf2673,Allen Solly Belt Standard,Fashion,Allen Solly,2696.65,245,discontinued,flipkart_seller_portal,valid,2022-10-30 17:49:36,2022-10-30 17:49:36,etl_service,etl_service,8099ee71-c717-423c-af4b-ef05fa20ad49,BATCH_6854
98167d75-0d25-4fe0-8acf-9b7efcdbbda3,Nike Badminton Racket,Sports & Fitness,Nike,7340.56,96,discontinued,flipkart_web,valid,2023-04-06 17:09:26,2023-04-06 17:09:26,etl_service,etl_service,681638f1-f266-46d0-811e-529c503a075f,BATCH_2859
e2ca50fc-00e3-4d2f-a7bb-c06782e7c3be,H&M Jeans Classic,Fashion,H&M,1111.34,439,active,flipkart_app,valid,2018-08-12 19:20:10,2018-08-12 19:20:10,etl_service,etl_service,6ed3d5bf-250c-400a-9b81-f95a7ad4879d,BATCH_3606
88f3eff4-e755-421c-b38f-7a1b8161c014,Boldfit Yoga Mat Plus,Sports & Fitness,Boldfit,9956.89,187,active,flipkart_app,duplicate,2024-12-20 16:54:36,2024-12-20 16:54:36,etl_service,etl_service,43b27493-a281-4f05-a635-9f1ac9a4a673,BATCH_4823
c8aa64cd-1091-491a-9db0-53e7dd173e83,Butterfly Mixer Grinder Pro,Home & Kitchen,Butterfly,11949.51,233,out_of_stock,flipkart_web,valid,2026-06-22 03:38:43,2026-06-22 03:38:43,etl_service,etl_service,7a05847e-4d5f-4543-ad18-a5181f14cf21,BATCH_5520
4b2fdd9d-d8fe-4c04-b593-6450350da675,Dell Camera Standard,Electronics,Dell,1270.29,266,discontinued,flipkart_web,invalid,2020-10-09 16:08:54,2020-10-09 16:08:54,etl_service,etl_service,8920830b-d775-481a-9566-538c464bc706,BATCH_8952
60e9eeb9-bd14-4c4e-80e1-6eb899c06396,Levis Sneakers Lite,Fashion,Levis,2792.07,170,discontinued,flipkart_seller_portal,valid,2020-08-09 07:40:33,2020-08-09 07:40:33,etl_service,etl_service,f84e31fd-4bea-4bca-8369-5c43710f402b,BATCH_1163
1b597b8c-f3a9-4a3b-8ea0-9a5824d59c82,Pigeon Vacuum Cleaner Plus,Home & Kitchen,Pigeon,7257.93,53,out_of_stock,flipkart_app,duplicate,2021-11-10 10:27:27,2021-11-10 10:27:27,etl_service,etl_service,0e3bca0c-b2e8-453f-8b40-ef8007f667b1,BATCH_3934
39d139b5-28fc-4f73-8fd2-9790552d3759,Butterfly Vacuum Cleaner Standard,Home & Kitchen,Butterfly,5190.55,86,active,flipkart_web,valid,2025-01-08 08:36:56,2025-01-08 08:36:56,etl_service,etl_service,ef1e1abb-b630-4a93-ba5e-1ab13e84d27d,BATCH_4493
68c703bb-6988-4705-9005-e4425ded26b4,Bajaj Cookware Set Plus,Home & Kitchen,Bajaj,12808.19,379,active,flipkart_seller_portal,valid,2019-01-21 01:09:56,2019-01-21 01:09:56,etl_service,etl_service,1a04b080-cb72-4c8b-b5b7-388b4327e930,BATCH_8759
3dbf46c0-eddd-4c06-82d9-4bf0958e2c71,boAt Tablet Plus,Electronics,boAt,33440.66,125,active,flipkart_app,valid,2018-06-07 07:22:47,2018-06-07 07:22:47,etl_service,etl_service,81865f01-f013-49c7-b519-a591edaff25f,BATCH_2105
1d483217-0450-4939-855f-5a7e4458a1eb,Biotique Face Wash Plus,Beauty & Personal Care,Biotique,1297.02,118,discontinued,flipkart_web,invalid,2024-10-09 07:46:49,2024-10-09 07:46:49,etl_service,etl_service,6a2db19c-5d0a-4b06-87f4-22b106a986b8,BATCH_5549
77147fca-c695-4ee9-94dd-b2cd2d7de415,HP Laptop Lite,Electronics,HP,12192.75,420,active,flipkart_app,valid,2020-02-21 03:31:21,2020-02-21 03:31:21,etl_service,etl_service,6e4b927f-fa87-4854-b9eb-1acc960f9b46,BATCH_8969
a5a16d42-c05e-48f7-85c0-cd93c76ce5cf,Nescafe Coffee Powder Standard,Grocery,Nescafe,1238.96,88,active,flipkart_web,valid,2025-12-14 21:20:42,2025-12-14 21:20:42,etl_service,etl_service,02826fbd-9741-4708-b555-6ac345b1a906,BATCH_4424
aab7776b-6db8-45ff-9ebe-8717e5480319,Lakme Hair Dryer Plus,Beauty & Personal Care,Lakme,1600.3,459,out_of_stock,flipkart_web,valid,2018-04-05 22:13:16,2018-04-05 22:13:16,etl_service,etl_service,c7b7c4ac-90f6-403d-a366-a2a1a614121b,BATCH_6346
dc42e76b-130b-4f65-ae52-0ef36d76d871,LEGO Baby Stroller,Toys & Baby,LEGO,2301.06,340,discontinued,flipkart_web,invalid,2023-12-09 02:35:16,2023-12-09 02:35:16,etl_service,etl_service,e96d30bc-474c-408b-9aa4-1a1d6467222d,BATCH_8504
f017f0ee-f1a9-41b3-897f-561f30908075,Hot Wheels Action Figure Max,Toys & Baby,Hot Wheels,2234.1,146,active,flipkart_app,valid,2018-08-01 15:34:05,2018-08-01 15:34:05,etl_service,etl_service,45c33b17-02e0-496f-9c84-479cb7c01269,BATCH_1086
31ab55a3-b2fb-4ad6-bd7b-d22aab4887c8,Nivea Face Wash Pro,Beauty & Personal Care,Nivea,1623.51,452,active,flipkart_seller_portal,valid,2024-02-19 10:02:57,2024-02-19 10:02:57,etl_service,etl_service,186de63e-fefc-4515-963e-2947fe48cca4,BATCH_6284
f407366a-2956-4d95-9266-9abd8796cd65,Philips Face Cream,Beauty & Personal Care,Philips,1273.15,464,discontinued,flipkart_seller_portal,valid,2018-11-08 22:57:17,2018-11-08 22:57:17,etl_service,etl_service,fcb36654-bb8c-43e1-8f8d-c11b07136191,BATCH_1637
8d96397c-a7c5-44e2-a4c2-105f0b5d845d,India Gate Breakfast Cereal Pro,Grocery,India Gate,835.8,119,active,flipkart_web,duplicate,2020-08-23 19:02:53,2020-08-23 19:02:53,etl_service,etl_service,7b5b61d9-6621-4825-bdba-6b21024a6aed,BATCH_3884
0cbc8b83-46d6-44e2-acb7-def6268c7798,Wow Skin Science Hair Dryer Edition 2026,Beauty & Personal Care,Wow Skin Science,812.72,266,out_of_stock,flipkart_seller_portal,valid,2026-02-08 04:02:24,2026-02-08 04:02:24,etl_service,etl_service,c083d337-eee9-468f-90d0-296d032b3742,BATCH_8887
54772e72-3362-48dc-8274-7b53bd001965,Funskool Board Game Plus,Toys & Baby,Funskool,2483.81,221,active,flipkart_seller_portal,invalid,2020-09-28 03:05:39,2020-09-28 03:05:39,etl_service,etl_service,08db2e28-576e-42e4-ad8e-b6efe62f7810,BATCH_5969
31fad54e-135b-467a-9d77-f097be3cb76d,JBL Headphones Pro,Electronics,JBL,75205.83,170,active,flipkart_app,valid,2021-06-05 21:22:46,2021-06-05 21:22:46,etl_service,etl_service,b5e44be9-7839-4a22-8452-97601f0a60a1,BATCH_8006
e0ea3416-37e3-4e9c-b39b-973783688360,Milton Vacuum Cleaner Classic,Home & Kitchen,Milton,2345.19,303,active,flipkart_seller_portal,valid,2023-07-24 17:46:28,2023-07-24 17:46:28,etl_service,etl_service,d2d89ee0-162b-4a28-ba7d-18c0983261d4,BATCH_5704
d4d1a166-7b0a-4042-99fd-9c6303d0fbd3,Reebok Football Classic,Sports & Fitness,Reebok,7392.35,242,active,flipkart_app,valid,2020-02-07 13:31:49,2020-02-07 13:31:49,etl_service,etl_service,500fc072-4ac5-4f38-8ca1-65f7bfd5dcc4,BATCH_9383
7d5ad6f5-4209-46e0-bc99-8b7ad54c2d8d,Hot Wheels Building Blocks Pro,Toys & Baby,Hot Wheels,794.52,492,active,flipkart_web,valid,2018-07-28 13:41:54,2018-07-28 13:41:54,etl_service,etl_service,54ccb952-4dc4-4d7e-84c4-756352231b18,BATCH_7624
15d8a808-ff4a-4fa2-b001-627faf9374ce,boAt Monitor Lite,Electronics,boAt,54587.99,109,discontinued,flipkart_seller_portal,duplicate,2024-01-08 10:57:27,2024-01-08 10:57:27,etl_service,etl_service,290ddf74-5733-42fb-b2d8-a3f0bfde23be,BATCH_8179
5dc75b72-09e5-42dd-a43e-cfdf3ba69e41,Milton Vacuum Cleaner Pro,Home & Kitchen,Milton,5671.92,314,active,flipkart_web,valid,2019-10-17 12:28:45,2019-10-17 12:28:45,etl_service,etl_service,da63f8d9-3928-4e9b-bc62-84b5742088af,BATCH_1369
9b20aef5-b353-4bae-bde3-cfb388812f3a,boAt Keyboard Pro,Electronics,boAt,14135.9,105,out_of_stock,flipkart_app,valid,2024-05-29 20:55:39,2024-05-29 20:55:39,etl_service,etl_service,ec29672c-06fe-40b1-9c56-8f750a801fc0,BATCH_2129
33da7d12-2cb2-4da2-85d8-e1a40dbc1764,Xiaomi Monitor Lite,Electronics,Xiaomi,10544.64,438,active,flipkart_web,valid,2023-01-12 14:03:27,2023-01-12 14:03:27,etl_service,etl_service,ab20dd2a-09ca-44e1-be72-2c70b3d9f67d,BATCH_7359
c21d1c33-9439-476d-a3ee-d858d236af41,Yonex Football Standard,Sports & Fitness,Yonex,1217.25,146,active,flipkart_seller_portal,duplicate,2026-05-28 11:34:34,2026-05-28 11:34:34,etl_service,etl_service,6a7b6bf5-5d77-4889-a3c6-c08a9118d46e,BATCH_2517
b0477eeb-3792-4e3d-87a0-59c3ea631f63,OnePlus Smartwatch Pro,Electronics,OnePlus,49029.75,386,active,flipkart_seller_portal,valid,2023-06-03 01:18:33,2023-06-03 01:18:33,etl_service,etl_service,a0e5feda-dfa7-4a8b-ae1c-7ad6c7f63249,BATCH_1287
783bcc21-9328-4bfe-81fb-e027e088b096,Reebok Yoga Mat Classic,Sports & Fitness,Reebok,6976.18,96,active,flipkart_web,valid,2020-10-23 22:16:19,2020-10-23 22:16:19,etl_service,etl_service,f9fbe717-9de4-4091-8d23-e4b8687e2cae,BATCH_5943
c6dd8eb6-91ec-408f-b249-a526f36191a0,US Polo Watch Plus,Fashion,US Polo,699.28,155,active,flipkart_seller_portal,valid,2019-07-03 04:10:38,2019-07-03 04:10:38,etl_service,etl_service,a70c4834-52d8-4d3f-afe7-3719c14d54d6,BATCH_4169
bec4206b-3697-4b59-956d-b47ee37747e2,Reebok Cycling Helmet Pro,Sports & Fitness,Reebok,212.64,338,active,flipkart_seller_portal,duplicate,2026-07-11 17:51:42,2026-07-11 17:51:42,etl_service,etl_service,26ab978b-1cb8-445f-83b8-1e79d63ab33d,BATCH_2440
ad584854-ea85-4748-b5bf-ed27c4234fdd,Lakme Shampoo Max,Beauty & Personal Care,Lakme,911.78,25,active,flipkart_seller_portal,duplicate,2026-10-24 15:16:27,2026-10-24 15:16:27,etl_service,etl_service,a5572f87-3b5a-442a-85ab-f358d4e5079d,BATCH_8961
2924f5e1-0a00-451a-b9c3-d1d050e6844f,Mattel Action Figure Lite,Toys & Baby,Mattel,4223.98,84,discontinued,flipkart_app,valid,2018-03-02 15:49:28,2018-03-02 15:49:28,etl_service,etl_service,51f35da9-4584-41e5-be2e-ec776dccb29d,BATCH_9372
222df378-ffba-48f7-ba2a-7d172095933d,Tata Cooking Oil Classic,Grocery,Tata,296.16,93,discontinued,flipkart_seller_portal,valid,2018-10-25 02:32:28,2018-10-25 02:32:28,etl_service,etl_service,ba28f73b-62cb-418d-a199-8582b8fce9d5,BATCH_2287
329da6c2-63bb-46c5-94cb-3d879a22947f,Rupa Publications Comic Book Lite,Books,Rupa Publications,159.61,49,active,flipkart_app,invalid,2022-07-15 02:55:30,2022-07-15 02:55:30,etl_service,etl_service,3ec52f8f-43f5-4022-915b-47a2db996518,BATCH_3084
5f0ae21b-15b3-4a8c-a94f-087095325029,Disney Doll House Classic,Toys & Baby,Disney,1204.18,262,active,flipkart_app,valid,2025-08-26 06:05:30,2025-08-26 06:05:30,etl_service,etl_service,cc1a5f9b-e385-4e10-94d1-5716b463c8ec,BATCH_7379
acff7397-4517-4250-bf04-58ebba4c7c23,Samsung Monitor Plus,Electronics,Samsung,6238.81,273,active,flipkart_seller_portal,duplicate,2026-08-02 02:06:12,2026-08-02 02:06:12,etl_service,etl_service,dde1d0e4-0747-416e-a4de-de37aeb27866,BATCH_8923
05b9385d-c8d8-4688-9f3f-7abbea6e5389,Tata Cooking Oil Max,Grocery,Tata,262.75,184,active,flipkart_web,duplicate,2024-09-15 13:57:55,2024-09-15 13:57:55,etl_service,etl_service,be4fe25e-7b07-4b96-8db3-8c98f269868b,BATCH_8819
cac7e71d-9977-4bb3-a904-b3ba80aeb859,Allen Solly Kurta Standard,Fashion,Allen Solly,1150.44,280,out_of_stock,flipkart_app,duplicate,2026-04-22 20:27:15,2026-04-22 20:27:15,etl_service,etl_service,11ad2052-b9b7-489e-a07f-a5227ad2188e,BATCH_5663
4bc936f8-1a85-4e84-8668-ac608ada8214,Pearson Children's Book,Books,Pearson,377.85,216,active,flipkart_app,valid,2020-05-21 03:44:08,2020-05-21 03:44:08,etl_service,etl_service,83308450-85fd-4cea-a5ee-d750868b43a2,BATCH_4423
e49987f7-9121-4a27-b7b4-9a4e3648e108,OnePlus Bluetooth Speaker Max,Electronics,OnePlus,16141.46,328,active,flipkart_seller_portal,valid,2020-08-24 15:01:52,2020-08-24 15:01:52,etl_service,etl_service,cedf2276-a466-4ae8-bef0-8fef66fd0176,BATCH_7611
06c379d5-1137-45d6-b923-1fd24b4d2f40,Nivea Body Lotion Pro,Beauty & Personal Care,Nivea,137.22,386,active,flipkart_seller_portal,valid,2023-07-16 12:52:38,2023-07-16 12:52:38,etl_service,etl_service,74461716-34b9-4efb-bd90-579d844c5771,BATCH_8640
464bb185-ce53-47b9-8cd6-9be783fafac3,LOreal Face Wash Edition 2026,Beauty & Personal Care,LOreal,557.98,240,active,flipkart_web,valid,2022-06-11 23:01:19,2022-06-11 23:01:19,etl_service,etl_service,86cbd564-d560-4673-84a3-caaebdc7d683,BATCH_9307
28c8ceff-e011-44ef-9ba1-88b87e420010,Nescafe Cooking Oil Edition 2026,Grocery,Nescafe,254.65,34,out_of_stock,flipkart_seller_portal,duplicate,2023-11-01 02:28:24,2023-11-01 02:28:24,etl_service,etl_service,d9ca3364-2e9b-4435-ad55-6d5ad97d9f46,BATCH_6717
ea8f1d31-060f-48e7-ab71-7294ae5b99b1,HarperCollins Textbook Pro,Books,HarperCollins,378.27,147,active,flipkart_web,valid,2024-11-12 21:34:48,2024-11-12 21:34:48,etl_service,etl_service,b751bf26-a623-4c83-978c-0849089e4a14,BATCH_4817
8f973aa4-7d37-4be6-8d17-26b9ea3f7dde,Hasbro Baby Stroller,Toys & Baby,Hasbro,3368.05,347,discontinued,flipkart_seller_portal,valid,2024-06-20 06:28:24,2024-06-20 06:28:24,etl_service,etl_service,18f8d16d-492f-4fb3-a866-212816692271,BATCH_1884
13dda8b8-09bc-4f9d-875c-dfe189d2a2b3,Lakme Face Wash Edition 2026,Beauty & Personal Care,Lakme,1658.82,359,discontinued,flipkart_seller_portal,valid,2023-08-06 16:50:36,2023-08-06 16:50:36,etl_service,etl_service,05a7fb7e-85d6-48f2-bc13-c44b3c7659fa,BATCH_6318
4b1d5eeb-fdb5-46b5-a15b-83697050a0f1,Lakme Face Cream Standard,Beauty & Personal Care,Lakme,1625.77,103,active,flipkart_app,valid,2020-05-25 14:54:50,2020-05-25 14:54:50,etl_service,etl_service,399f150b-daf7-46b8-9515-7708d8eafabb,BATCH_1096
cb953a6a-b0a0-4cb0-9f65-73bdca60612b,Levis Sunglasses Max,Fashion,Levis,1413.32,158,active,flipkart_web,valid,2026-09-10 07:57:20,2026-09-10 07:57:20,etl_service,etl_service,5d422533-e926-45c9-8ea5-229eed1d1b77,BATCH_5522
4b7f03d8-2cd4-4c89-aa1a-accef4eca49d,Adidas Cricket Bat Standard,Sports & Fitness,Adidas,7321.65,205,active,flipkart_app,valid,2021-04-28 16:18:44,2021-04-28 16:18:44,etl_service,etl_service,a1ccc98b-e88b-451d-a4b1-2dff0f64e3da,BATCH_8892
aeaaddc9-4f30-4f79-b849-41085a4af6b8,India Gate Green Tea Pro,Grocery,India Gate,1307.68,343,active,flipkart_web,invalid,2019-01-22 02:15:38,2019-01-22 02:15:38,etl_service,etl_service,2f91a300-4f68-4662-95b6-be55bd542192,BATCH_5951
042941cd-b8dd-4837-baa1-d47647aa205a,Barbie Remote Control Car Classic,Toys & Baby,Barbie,1735.9,302,active,flipkart_app,valid,2020-02-04 08:17:24,2020-02-04 08:17:24,etl_service,etl_service,5d105a66-a63b-4183-bba7-9656daf952a8,BATCH_9406
22f1c38c-fa95-4998-83f0-b79e2a8f6de9,Philips Table Lamp Lite,Home & Kitchen,Philips,2363.2,399,active,flipkart_seller_portal,invalid,2020-04-22 20:15:08,2020-04-22 20:15:08,etl_service,etl_service,f022a454-1330-47b4-b35e-897908d65ca9,BATCH_3577
dc63cdc7-b874-4a5e-9461-6ea66db10408,Philips Perfume Classic,Beauty & Personal Care,Philips,882.54,471,discontinued,flipkart_web,valid,2018-01-10 00:51:14,2018-01-10 00:51:14,etl_service,etl_service,2d8baf5a-ac5d-4cce-93fd-5a9c67a3739f,BATCH_6455
a5658471-d472-4e5e-a5b4-55d1bd2d0d4e,Wilson Cricket Bat Standard,Sports & Fitness,Wilson,7002.42,132,active,flipkart_seller_portal,duplicate,2026-08-23 06:48:29,2026-08-23 06:48:29,etl_service,etl_service,310e3e54-6e80-4d0c-8184-4faa552cbec4,BATCH_8227
51811627-b29b-4f5b-b803-d4fc46cf665b,Puma Badminton Racket Standard,Sports & Fitness,Puma,801.27,103,active,flipkart_web,valid,2019-04-14 20:50:09,2019-04-14 20:50:09,etl_service,etl_service,60036540-163f-4872-8afb-8d0e9a501063,BATCH_5284
9964dd9b-c545-437b-ab9b-cc0d1b8e0ac7,Funskool Baby Stroller Classic,Toys & Baby,Funskool,3371.34,39,out_of_stock,flipkart_web,valid,2020-11-14 18:49:27,2020-11-14 18:49:27,etl_service,etl_service,7548f9fa-c52c-4114-8b97-f774a8da2c2c,BATCH_9518
4b43f9a3-926e-4c82-8237-ff14a129f79c,Graco Action Figure Pro,Toys & Baby,Graco,3382.26,35,active,flipkart_web,valid,2025-09-05 21:30:16,2025-09-05 21:30:16,etl_service,etl_service,f05b6b42-3ecf-4414-9c3c-6d00d974cbaf,BATCH_3612
5a614565-f133-4521-8008-8785fa31f639,Chicco Remote Control Car Pro,Toys & Baby,Chicco,3242.79,493,active,flipkart_app,invalid,2020-12-24 10:36:58,2020-12-24 10:36:58,etl_service,etl_service,e76f9fd5-38db-4958-95ec-986d6024638a,BATCH_4152
6934a10e-9688-4e16-8ac1-cea896bc176d,Sony Bluetooth Speaker Edition 2026,Electronics,Sony,53836.52,342,out_of_stock,flipkart_seller_portal,valid,2020-05-23 14:58:25,2020-05-23 14:58:25,etl_service,etl_service,3b178b54-417e-4ce9-b8fd-32ff5b68f0ab,BATCH_9435
3784e4eb-c51a-401a-a509-e8a6a13a40db,Chicco Puzzle Set Max,Toys & Baby,Chicco,614.81,270,active,flipkart_web,valid,2025-08-07 13:24:22,2025-08-07 13:24:22,etl_service,etl_service,84fc3d52-cef8-4a47-9138-3e24af00341f,BATCH_6365
2b684743-a348-4f35-beaa-27affa2a30dc,Saffola Spice Mix,Grocery,Saffola,342.92,414,active,flipkart_app,valid,2024-06-05 02:46:53,2024-06-05 02:46:53,etl_service,etl_service,6f16e7a2-fb6d-4393-bbc6-b0612a76bfa1,BATCH_9875
ad5ecc44-66bf-4e83-b170-a161262de75e,Scholastic History Book Max,Books,Scholastic,143.43,461,active,flipkart_seller_portal,valid,2024-10-23 09:11:43,2024-10-23 09:11:43,etl_service,etl_service,f1a791dd-2ceb-40b4-a77c-26d7fdae5701,BATCH_4940
706d7c95-bc54-4fcf-8cc4-a0b143d3826c,Milton Table Lamp,Home & Kitchen,Milton,14943.0,313,discontinued,flipkart_web,duplicate,2025-04-23 12:49:01,2025-04-23 12:49:01,etl_service,etl_service,b810c814-d768-46e8-b693-074d498fc431,BATCH_8112
a621eabe-4cd5-4b08-a5fc-5999dfbce84a,Nivea Lipstick Pro,Beauty & Personal Care,Nivea,105.65,235,active,flipkart_seller_portal,valid,2020-03-22 09:06:01,2020-03-22 09:06:01,etl_service,etl_service,4c490c2a-6bc5-4836-abea-45b6d4db0ac0,BATCH_6120
7317f60d-49ff-40b7-8f8c-368582d3cbb8,Bloomsbury Novel Lite,Books,Bloomsbury,990.35,292,out_of_stock,flipkart_web,duplicate,2018-12-01 21:51:35,2018-12-01 21:51:35,etl_service,etl_service,292f4392-2c55-41ee-8fb8-02028dd99de7,BATCH_5484
56a9e231-07a3-42e8-bf05-8ceca238bdbf,Disney Stuffed Toy Plus,Toys & Baby,Disney,2579.55,323,discontinued,flipkart_seller_portal,invalid,2018-08-09 00:05:46,2018-08-09 00:05:46,etl_service,etl_service,afb81b6a-7a4a-4317-866d-d0f49d9278b0,BATCH_6163
45ef61d8-2e85-46dc-b998-e96d6a75e10a,Mattel Action Figure Lite,Toys & Baby,Mattel,4315.73,479,out_of_stock,flipkart_app,duplicate,2026-10-04 13:03:58,2026-10-04 13:03:58,etl_service,etl_service,ca2814da-a2c1-4330-b7f6-5316da8479ab,BATCH_1023
385b0e38-34a2-4383-9ae2-d721ab1a3ce1,Macmillan Cookbook Standard,Books,Macmillan,355.25,450,active,flipkart_app,valid,2019-06-20 04:08:13,2019-06-20 04:08:13,etl_service,etl_service,fbbb5853-3eab-434b-822e-446fb4f5d3a3,BATCH_2732
d56944cd-eb99-43bf-9015-e7c6d87a264f,Havells Dinner Set Classic,Home & Kitchen,Havells,12914.36,401,active,flipkart_app,duplicate,2022-03-20 20:01:04,2022-03-20 20:01:04,etl_service,etl_service,ec687b52-f854-4dd8-81db-b0e232c64388,BATCH_8174
0108b72d-e2e2-447b-8fae-4ab713f63310,Himalaya Hair Dryer Max,Beauty & Personal Care,Himalaya,976.39,98,active,flipkart_app,valid,2025-09-08 16:12:54,2025-09-08 16:12:54,etl_service,etl_service,4b7510c9-07bd-4bb2-b6cb-e6a473c7c824,BATCH_9689
5d8a89d5-b97d-4a3f-8bc9-e86c697f7a14,Tata Honey Classic,Grocery,Tata,108.08,398,out_of_stock,flipkart_web,valid,2018-05-27 02:10:32,2018-05-27 02:10:32,etl_service,etl_service,0a2a1ee6-6739-4642-849c-746bad4ce84c,BATCH_5544
d4b60cd9-fbda-4983-9f36-06ffb3129589,Bajaj Cookware Set Pro,Home & Kitchen,Bajaj,9656.12,174,active,flipkart_seller_portal,invalid,2025-02-09 08:50:36,2025-02-09 08:50:36,etl_service,etl_service,62124e45-2223-4321-b498-f473977d2dfb,BATCH_1677
e402bab4-25e3-444e-8f73-67d3e94f1716,Aashirvaad Spice Mix,Grocery,Aashirvaad,1105.96,348,active,flipkart_seller_portal,invalid,2024-02-15 10:37:51,2024-02-15 10:37:51,etl_service,etl_service,ce878620-aaea-4a39-93ba-f5cef2e19b5a,BATCH_4975
9129dd43-011c-491a-82d0-58bd8cb4df85,Lakme Perfume Lite,Beauty & Personal Care,Lakme,223.14,228,active,flipkart_seller_portal,duplicate,2024-04-12 14:43:42,2024-04-12 14:43:42,etl_service,etl_service,f8d2808d-29b5-4fd1-86ad-bc2aac732bac,BATCH_4221
fe3434ce-06fd-4372-9f1e-67382e89254a,Dove Lipstick Classic,Beauty & Personal Care,Dove,2074.9,180,out_of_stock,flipkart_web,duplicate,2018-12-03 09:44:56,2018-12-03 09:44:56,etl_service,etl_service,9229fd22-e688-4eb2-9b3f-7e6ebcc2b265,BATCH_5557
d56c2e06-2564-4a27-84fe-d3fd3d2defce,Himalaya Face Wash Classic,Beauty & Personal Care,Himalaya,869.03,208,active,flipkart_seller_portal,valid,2023-03-17 01:11:57,2023-03-17 01:11:57,etl_service,etl_service,fc69fc44-ee5e-4fe2-915e-4cf33169da2d,BATCH_4758
62f12e6f-7bd5-4329-9e1d-5ef3cbd5b309,Decathlon Cycling Helmet Pro,Sports & Fitness,Decathlon,8963.16,382,out_of_stock,flipkart_web,valid,2024-05-10 09:35:00,2024-05-10 09:35:00,etl_service,etl_service,5b8419fa-be93-4be5-8576-33f5ccc95253,BATCH_4992
990bdd35-36e4-4bc0-9aba-11a22e4a360a,Lakme Face Cream Plus,Beauty & Personal Care,Lakme,281.4,411,out_of_stock,flipkart_web,duplicate,2022-07-22 04:23:43,2022-07-22 04:23:43,etl_service,etl_service,c5792d6e-a051-4430-b36a-78a6c958324b,BATCH_8574
96866265-8626-44db-8373-30d6933813fe,Maybelline Face Cream Plus,Beauty & Personal Care,Maybelline,1396.88,64,out_of_stock,flipkart_app,invalid,2022-08-18 05:00:33,2022-08-18 05:00:33,etl_service,etl_service,45d6fcbf-d632-44f3-b949-6a9a8bdab8bb,BATCH_1972
32305d1d-27ff-430a-b1a3-ce761111c344,Mattel Baby Walker Edition 2026,Toys & Baby,Mattel,3353.77,219,active,flipkart_app,valid,2018-10-19 23:58:32,2018-10-19 23:58:32,etl_service,etl_service,7a666c75-0685-43c2-85eb-16183a9b65d3,BATCH_4520
82716836-1106-4373-960d-d12b13fa826f,Reebok Cycling Helmet Plus,Sports & Fitness,Reebok,9562.3,336,out_of_stock,flipkart_seller_portal,valid,2025-03-12 09:36:59,2025-03-12 09:36:59,etl_service,etl_service,bf05ac92-f22b-4489-8daf-b39116d39f6f,BATCH_7092
a1ba93b9-2e0c-4c10-85dc-5ee317ad1377,Philips Bed Sheet Lite,Home & Kitchen,Philips,8221.44,113,active,flipkart_seller_portal,valid,2026-01-13 19:47:32,2026-01-13 19:47:32,etl_service,etl_service,35fa1c8f-e536-4f82-9e2a-af10d2d86dda,BATCH_4216
9cb97307-7a87-43c0-967e-8518cf7bace8,Scholastic Biography Plus,Books,Scholastic,731.33,340,out_of_stock,flipkart_seller_portal,duplicate,2020-08-26 21:35:06,2020-08-26 21:35:06,etl_service,etl_service,67589418-89bb-45ae-b43e-53726fac08d2,BATCH_4572
70a50550-8137-4336-a335-4850aa7acf85,Mattel Building Blocks Plus,Toys & Baby,Mattel,3227.44,444,active,flipkart_seller_portal,valid,2022-06-23 10:14:05,2022-06-23 10:14:05,etl_service,etl_service,8b94c3d2-3bee-4bb8-86cc-a069312556bd,BATCH_3525
e7dffec2-f244-4932-ab13-bff516d22b91,boAt Smartwatch Plus,Electronics,boAt,49669.05,357,active,flipkart_web,valid,2022-09-07 15:31:27,2022-09-07 15:31:27,etl_service,etl_service,b91086d5-8683-4b81-8bfe-3a6c815fb6d4,BATCH_5735
a31a69da-5395-4213-b96b-5127ca1c9e20,Fortune Almonds Max,Grocery,Fortune,497.58,395,active,flipkart_web,valid,2018-07-16 20:45:02,2018-07-16 20:45:02,etl_service,etl_service,19531ef7-560f-4774-b6e8-9c93bd1dffe7,BATCH_5479
faad35f9-c3b1-494d-a687-b1a490052a98,Hot Wheels Baby Stroller Max,Toys & Baby,Hot Wheels,2492.71,205,out_of_stock,flipkart_app,invalid,2019-08-23 04:31:50,2019-08-23 04:31:50,etl_service,etl_service,2b550b3d-6b97-4840-9b77-5c351bdc30db,BATCH_3374
a89b11d1-c2d8-4476-9a18-90bc45e29d65,Himalaya Perfume Lite,Beauty & Personal Care,Himalaya,329.19,198,active,flipkart_seller_portal,valid,2020-11-25 21:29:43,2020-11-25 21:29:43,etl_service,etl_service,e8f47180-0f42-4ca2-a13f-0d7314cbf552,BATCH_3126
10317176-5a58-48e0-aa66-cf1accfe1c99,Fisher-Price Baby Stroller Max,Toys & Baby,Fisher-Price,4371.21,101,active,flipkart_seller_portal,valid,2018-01-22 00:45:10,2018-01-22 00:45:10,etl_service,etl_service,47d4304a-135d-4218-8b28-474204cfcada,BATCH_8638
1fdca712-76ea-4107-86b9-bc78b4eb9d8b,Allen Solly Sunglasses Plus,Fashion,Allen Solly,3474.06,486,active,flipkart_web,duplicate,2026-06-22 03:20:40,2026-06-22 03:20:40,etl_service,etl_service,bdaf6a08-0aa9-492d-8660-5e3f006b98a1,BATCH_8035
5456fdb8-e131-4f89-a187-dac7ff8257bf,Wonderchef Storage Box,Home & Kitchen,Wonderchef,2267.02,285,active,flipkart_app,invalid,2026-05-16 13:17:53,2026-05-16 13:17:53,etl_service,etl_service,e8d150e4-9426-46b0-b53f-63b1000de7d0,BATCH_3732
6a837f9d-3886-4657-915b-180f4d75cd00,H&M Belt Edition 2026,Fashion,H&M,3975.03,235,active,flipkart_app,valid,2023-11-05 07:41:23,2023-11-05 07:41:23,etl_service,etl_service,5547d183-668d-4ea9-b034-93a880d2caa2,BATCH_5396
db595c35-c4bd-4d0d-916b-7c6c91a15373,Cello Dinner Set Lite,Home & Kitchen,Cello,10640.85,192,active,flipkart_seller_portal,valid,2024-04-27 03:58:30,2024-04-27 03:58:30,etl_service,etl_service,d05a371e-47c6-4c34-9e5b-327b39ef2e17,BATCH_8833
9bed8a5d-db8d-406d-865f-f096b88b359b,Levis Kurta Classic,Fashion,Levis,1167.83,484,active,flipkart_web,invalid,2025-12-13 14:06:33,2025-12-13 14:06:33,etl_service,etl_service,53371a25-09ce-403d-99de-9b0324c40216,BATCH_5905
2a23850b-078e-46f5-9c30-17a5a8492a98,Puma Sunglasses Edition 2026,Fashion,Puma,3174.29,200,active,flipkart_seller_portal,valid,2023-09-06 14:05:13,2023-09-06 14:05:13,etl_service,etl_service,e0b08d3b-0d5c-4689-b9b8-2a8a8b73e800,BATCH_5956
34d2a60d-acdf-4843-a631-ff3a26f32719,Dell Laptop Plus,Electronics,Dell,66128.61,440,active,flipkart_web,invalid,2025-07-02 20:58:32,2025-07-02 20:58:32,etl_service,etl_service,eacc93aa-d070-4da6-b496-8f7bbb1b73c5,BATCH_1745
57c3e21a-bc58-4526-b67c-0d020f8e7d69,Pearson Poetry Collection Classic,Books,Pearson,442.23,124,active,flipkart_seller_portal,valid,2019-02-13 18:21:59,2019-02-13 18:21:59,etl_service,etl_service,4ed96fb6-857c-4c9b-9407-6d0f9735e949,BATCH_8774
45904590-216e-44c6-ac55-418ef131da5e,Samsung Smartphone Standard,Electronics,Samsung,73451.88,241,discontinued,flipkart_app,invalid,2020-06-17 13:51:27,2020-06-17 13:51:27,etl_service,etl_service,2ba25b65-d9e1-44de-a85a-0cf1fa28a2bb,BATCH_6386
f0949f3d-a256-43a5-a1c2-3fead7b32ac9,Britannia Almonds,Grocery,Britannia,527.89,126,active,flipkart_seller_portal,invalid,2023-06-26 09:57:45,2023-06-26 09:57:45,etl_service,etl_service,53e372c5-05ae-47ea-926b-c94eb3ca6e08,BATCH_9545
ac8dd172-e4df-44d0-aa36-f6d04470526a,Milton Table Lamp Max,Home & Kitchen,Milton,4763.31,201,active,flipkart_seller_portal,valid,2026-05-25 02:07:36,2026-05-25 02:07:36,etl_service,etl_service,389c5232-9bb5-4334-994e-e311afca0802,BATCH_3684
5d031383-ebb5-4e14-a1b2-90b1a295bc89,Macmillan Comic Book Edition 2026,Books,Macmillan,209.4,31,active,flipkart_web,valid,2021-02-15 02:20:31,2021-02-15 02:20:31,etl_service,etl_service,c324ecba-cb40-4af6-8965-2b15b0633cf2,BATCH_4178
e751b021-ec7e-49d2-8041-7d3956d5bf31,Funskool Baby Walker Pro,Toys & Baby,Funskool,2476.52,101,active,flipkart_web,invalid,2020-07-30 22:24:59,2020-07-30 22:24:59,etl_service,etl_service,fd7a272c-79b2-4059-ab2a-b07273819b75,BATCH_7152
cd8d8eca-cb8c-4011-92f2-78cd12d5b3a9,Pigeon Water Bottle Lite,Home & Kitchen,Pigeon,14821.86,362,active,flipkart_web,valid,2022-06-13 21:44:03,2022-06-13 21:44:03,etl_service,etl_service,b6d27df6-9dee-4cff-b0ca-ffe245cdf6ac,BATCH_4891
2078e63c-30dd-4805-a4f5-5e13fdcc511c,Butterfly Vacuum Cleaner Plus,Home & Kitchen,Butterfly,5007.85,47,out_of_stock,flipkart_app,invalid,2018-02-18 10:26:36,2018-02-18 10:26:36,etl_service,etl_service,dc70e07e-a5bc-4d91-828d-b46b8727c73b,BATCH_9837
f2cda430-73e3-44c7-933a-795b1db929cf,Rupa Publications Comic Book Lite,Books,Rupa Publications,203.37,109,out_of_stock,flipkart_seller_portal,valid,2024-01-24 20:10:13,2024-01-24 20:10:13,etl_service,etl_service,03374723-0e6e-4b3d-ab69-513e7bcbe1a3,BATCH_3413
9d1cecb2-fa9f-46f4-89ba-35152e8b4b1f,Milton Dinner Set Max,Home & Kitchen,Milton,3133.06,142,active,flipkart_app,valid,2023-01-23 03:47:02,2023-01-23 03:47:02,etl_service,etl_service,3268733d-8281-42a7-8fe8-9ffc68fd58ac,BATCH_8755
10e15840-b4cc-4920-9ccd-ee8c60ae7aaf,MTR Basmati Rice Standard,Grocery,MTR,331.94,365,active,flipkart_seller_portal,valid,2022-03-01 02:36:30,2022-03-01 02:36:30,etl_service,etl_service,2218796d-cbe8-4715-85de-e32b74e2c028,BATCH_5792
b0dca91d-0144-49d4-8e36-8485b4afb186,Chicco Board Game Classic,Toys & Baby,Chicco,239.48,287,active,flipkart_seller_portal,valid,2025-07-01 17:48:53,2025-07-01 17:48:53,etl_service,etl_service,bf5666f7-6e4d-4178-9635-a084a92f460a,BATCH_9061
88eec04e-0eb1-4680-9819-5d5bade1b7c0,Nivea Lipstick Pro,Beauty & Personal Care,Nivea,1811.02,483,active,flipkart_app,valid,2021-11-15 20:50:26,2021-11-15 20:50:26,etl_service,etl_service,87f890a3-3104-424c-9451-53319ee24ad5,BATCH_8206
0799dbd6-51ac-4587-af98-c4b00fcbf64f,Oxford Children's Book,Books,Oxford,179.48,177,out_of_stock,flipkart_seller_portal,valid,2021-12-21 11:07:54,2021-12-21 11:07:54,etl_service,etl_service,7d4d1ef2-f959-4088-95fa-18a4bd324455,BATCH_4134
93f85a51-ec2f-4260-9b7e-237358d7b1a0,Mattel Baby Stroller Classic,Toys & Baby,Mattel,4540.46,93,active,flipkart_seller_portal,valid,2019-10-16 07:39:59,2019-10-16 07:39:59,etl_service,etl_service,2a24d20d-3482-413b-bced-c163be153009,BATCH_7711
48625cd6-9257-4487-869a-081858b0b372,Puma Saree Lite,Fashion,Puma,3446.42,423,active,flipkart_app,valid,2024-12-26 17:29:26,2024-12-26 17:29:26,etl_service,etl_service,0eb2abaa-9a15-482e-a0f2-5765ab57ecc2,BATCH_4032
dc49e186-0fe9-4d16-9db2-f09ad05d9390,Realme Monitor Plus,Electronics,Realme,25613.92,22,discontinued,flipkart_app,valid,2024-01-23 22:02:38,2024-01-23 22:02:38,etl_service,etl_service,1c47fd42-fcbc-4f87-b09f-e90e45ecc000,BATCH_7357
34d7b39e-5b94-4ddd-be6f-c404a0f00820,Nivea Face Wash Pro,Beauty & Personal Care,Nivea,356.94,28,out_of_stock,flipkart_app,valid,2020-01-21 17:36:19,2020-01-21 17:36:19,etl_service,etl_service,baf16af2-0561-406e-b642-6d53688430c2,BATCH_2468
0615bc64-b848-4ecd-903e-17cb1dad6095,Butterfly Mixer Grinder,Home & Kitchen,Butterfly,586.75,38,active,flipkart_app,valid,2025-04-11 04:46:08,2025-04-11 04:46:08,etl_service,etl_service,3efea709-f92d-4415-b5ba-296d1e57512d,BATCH_2063
c54cf89a-3002-4c82-89b1-c55bf9f8b041,Scholastic Cookbook Max,Books,Scholastic,748.9,63,active,flipkart_web,valid,2023-09-12 12:05:24,2023-09-12 12:05:24,etl_service,etl_service,5bfe6ec7-3a2e-4071-9999-9ec2c9e5eeba,BATCH_4929
8853ddcd-26e9-4bf5-a22c-f485f22b7699,Tata Coffee Powder Max,Grocery,Tata,1361.87,173,active,flipkart_seller_portal,invalid,2024-02-26 22:08:01,2024-02-26 22:08:01,etl_service,etl_service,6c724382-3ae7-4d42-922f-a6de2c7e4180,BATCH_2520
af6630be-c3da-4697-b163-2c171654b023,Fortune Almonds,Grocery,Fortune,911.8,245,active,flipkart_app,valid,2025-01-29 13:36:41,2025-01-29 13:36:41,etl_service,etl_service,32281817-9cb5-477f-8cd9-abd7cdcee28a,BATCH_9506
94906e6e-5557-462e-a6e2-f00a3743addc,Hot Wheels Remote Control Car,Toys & Baby,Hot Wheels,3940.1,227,active,flipkart_app,duplicate,2021-12-26 10:31:10,2021-12-26 10:31:10,etl_service,etl_service,b6326c95-be4e-42b4-b0ce-338db4628e21,BATCH_3573
27df76d4-a156-4a7a-9eb9-8fae052521c2,LEGO Tricycle Lite,Toys & Baby,LEGO,2664.91,163,discontinued,flipkart_web,valid,2025-05-01 15:54:57,2025-05-01 15:54:57,etl_service,etl_service,69703f63-d058-4d82-8088-561530b3b103,BATCH_4495
85b09da7-12e3-421c-abbb-0d18fbad65d9,Milton Storage Box Max,Home & Kitchen,Milton,8651.69,219,discontinued,flipkart_web,valid,2021-02-21 02:49:35,2021-02-21 02:49:35,etl_service,etl_service,ae22cff7-ab63-4c9d-8c14-68878e57f832,BATCH_9263
e856b294-e422-4d4e-9725-925a4e8378da,Nescafe Spice Mix Pro,Grocery,Nescafe,146.78,247,active,flipkart_app,invalid,2026-09-17 18:29:37,2026-09-17 18:29:37,etl_service,etl_service,7794307b-6326-44e8-948f-5e2e5067d3e7,BATCH_8011
dca27d47-5964-4161-b620-50bf96e925bf,Realme Headphones,Electronics,Realme,30028.01,152,active,flipkart_web,valid,2019-07-28 21:14:58,2019-07-28 21:14:58,etl_service,etl_service,3327326c-82d3-4f87-b496-647c3a6401a2,BATCH_5692
d6eb1e29-a926-46e2-8f9d-04d20597a591,Saffola Honey Standard,Grocery,Saffola,1446.03,14,out_of_stock,flipkart_web,invalid,2024-11-14 12:49:44,2024-11-14 12:49:44,etl_service,etl_service,5b7644a7-8b9c-4685-822f-6cc789544b8b,BATCH_6852
11f0fea3-e895-47a0-9390-b43a8fd91af8,Scholastic Cookbook,Books,Scholastic,322.61,480,out_of_stock,flipkart_seller_portal,valid,2020-09-20 06:49:59,2020-09-20 06:49:59,etl_service,etl_service,e08ddf96-d89d-4889-bae9-26f59b456e85,BATCH_3876
7090cdd8-81bd-4fd3-b3a2-70b45a145a0e,Wilson Yoga Mat Standard,Sports & Fitness,Wilson,778.03,147,discontinued,flipkart_web,valid,2018-09-18 22:17:32,2018-09-18 22:17:32,etl_service,etl_service,3323df72-8306-4b8d-8bbd-606ff476193c,BATCH_3571
cc1d25fb-00cd-4a44-a877-af44632d6be6,Prestige Storage Box Edition 2026,Home & Kitchen,Prestige,4014.19,80,active,flipkart_web,duplicate,2021-01-26 11:08:22,2021-01-26 11:08:22,etl_service,etl_service,1b1ffd22-04dd-4eed-ad4d-70068012dbe8,BATCH_9752
54bc3314-91cb-4a71-9b7e-5eeeb6b089f1,Mattel Action Figure Edition 2026,Toys & Baby,Mattel,4842.81,432,active,flipkart_web,valid,2025-03-24 02:10:05,2025-03-24 02:10:05,etl_service,etl_service,2ebdf145-2919-4eb8-83f9-a4f975ac1157,BATCH_8087
29968078-9ab4-408f-acc2-5c6b28214265,Puma Fitness Band Classic,Sports & Fitness,Puma,8393.38,487,discontinued,flipkart_web,duplicate,2024-11-13 17:24:44,2024-11-13 17:24:44,etl_service,etl_service,4977a5d4-0527-4e32-b61b-22131297361f,BATCH_3482
0988e6e8-7054-41f1-8469-35616cbb71af,Adidas Yoga Mat Pro,Sports & Fitness,Adidas,6104.56,381,active,flipkart_seller_portal,valid,2019-09-23 05:25:23,2019-09-23 05:25:23,etl_service,etl_service,0972b987-cfdd-4897-a368-8612e68b4f84,BATCH_6621
a2e3ac2e-e5d0-47cc-ac2f-5cf0c6552fe4,Wilson Running Shoes Classic,Sports & Fitness,Wilson,888.47,307,discontinued,flipkart_app,valid,2022-04-29 14:35:38,2022-04-29 14:35:38,etl_service,etl_service,d19ae006-edbc-4b16-805a-e713aadc8116,BATCH_3003
b54b41ab-21f2-45fe-9efd-b07b34969819,Bajaj Mixer Grinder Pro,Home & Kitchen,Bajaj,7530.32,211,active,flipkart_web,valid,2021-12-13 22:59:00,2021-12-13 22:59:00,etl_service,etl_service,db03bb8c-969c-4c97-9a76-b7909e598136,BATCH_7835
66c6b6d5-cdfc-441b-8cd8-0648d3c90743,Haldirams Cooking Oil Max,Grocery,Haldirams,641.61,435,discontinued,flipkart_web,valid,2023-09-20 04:22:22,2023-09-20 04:22:22,etl_service,etl_service,c9951493-400a-4971-8c44-6cc104952688,BATCH_1783
ce3accc5-a6f9-4dd0-b189-08f9d53f717a,US Polo Handbag Standard,Fashion,US Polo,1058.09,88,active,flipkart_seller_portal,valid,2024-05-10 07:27:41,2024-05-10 07:27:41,etl_service,etl_service,50a57dc3-9a33-457a-b94f-c7783bf57e30,BATCH_3554
8383f528-fb7a-4b31-acd4-69787964dd04,Biotique Face Wash Max,Beauty & Personal Care,Biotique,894.26,442,active,flipkart_web,valid,2025-03-15 20:09:37,2025-03-15 20:09:37,etl_service,etl_service,f4744da4-012b-4aa1-bf27-fa573933179f,BATCH_5576
b8ed7a13-0d56-4465-b295-183623b159f5,Graco Building Blocks Lite,Toys & Baby,Graco,3356.91,439,out_of_stock,flipkart_web,valid,2021-02-03 21:13:50,2021-02-03 21:13:50,etl_service,etl_service,eb724d77-3022-4e73-aec9-f9b04de52cad,BATCH_7774
4bf0184e-0ecc-4630-9f5f-b74e8c52f0d4,Saffola Coffee Powder Lite,Grocery,Saffola,644.15,50,active,flipkart_web,invalid,2020-02-04 13:14:52,2020-02-04 13:14:52,etl_service,etl_service,82b9ba3c-55b0-4e90-be02-e5677f513142,BATCH_1628
888d8365-764d-4426-a697-37b6d5322e69,Allen Solly Belt Max,Fashion,Allen Solly,1496.2,235,discontinued,flipkart_app,duplicate,2021-12-12 18:54:46,2021-12-12 18:54:46,etl_service,etl_service,9128d782-4501-44a5-a32b-12b2fef0dc8c,BATCH_2627
1083894b-b842-4028-b712-b00428f9474e,Biotique Hair Dryer Max,Beauty & Personal Care,Biotique,1913.17,274,out_of_stock,flipkart_seller_portal,valid,2020-01-15 06:52:53,2020-01-15 06:52:53,etl_service,etl_service,89cfd0a3-f545-42c1-9112-c10f369fe117,BATCH_7664
25dead71-01fc-409c-8ea1-a5cd1fc3c02e,boAt Keyboard,Electronics,boAt,15086.04,493,active,flipkart_seller_portal,invalid,2020-02-03 07:33:40,2020-02-03 07:33:40,etl_service,etl_service,6ff27785-991e-49e4-a2a8-77f845763ab7,BATCH_8886
6149055a-9f08-4b8a-9c7d-5b1aa52d9714,SG Cycling Helmet Edition 2026,Sports & Fitness,SG,5594.68,493,discontinued,flipkart_web,invalid,2023-05-23 23:14:29,2023-05-23 23:14:29,etl_service,etl_service,7f893197-d777-45a4-9133-e2e3dd65ea57,BATCH_2675
1dd8cf36-e758-4ed1-b031-9d862d200dfd,MTR Wheat Flour Lite,Grocery,MTR,630.0,366,active,flipkart_app,valid,2021-08-17 21:23:25,2021-08-17 21:23:25,etl_service,etl_service,a96deef1-c6a6-4d71-9992-d0869d9127f4,BATCH_9951
b2ff9208-7f03-45b8-98b4-3de27a5cb7e7,Haldirams Coffee Powder Classic,Grocery,Haldirams,842.58,369,active,flipkart_web,duplicate,2022-01-08 05:48:55,2022-01-08 05:48:55,etl_service,etl_service,5ae99225-2d34-4db6-bef9-df41be25932f,BATCH_9126
fa3df6fd-27c2-4219-b51d-3f0f68f97a51,Patanjali Wheat Flour Edition 2026,Grocery,Patanjali,987.73,308,active,flipkart_web,valid,2025-06-15 09:11:36,2025-06-15 09:11:36,etl_service,etl_service,cba44bc6-0059-47de-a116-cf67c0956988,BATCH_5239
7e2681ba-0c54-4cd1-a4fb-d172b21cb62e,Vintage History Book,Books,Vintage,292.53,87,active,flipkart_app,valid,2018-07-25 01:32:33,2018-07-25 01:32:33,etl_service,etl_service,e595bc11-596a-440d-90ed-0a07839d9981,BATCH_6096
d70f453d-2e30-45cd-9c4c-1e25eeb3aa62,Samsung Power Bank Max,Electronics,Samsung,65367.38,208,active,flipkart_app,valid,2019-04-29 20:03:31,2019-04-29 20:03:31,etl_service,etl_service,440f050c-ccbe-4065-9647-957a5400c423,BATCH_3284
e1e65eb1-e880-46bd-9efe-620bc07ea340,Havells Cookware Set Pro,Home & Kitchen,Havells,5487.25,321,out_of_stock,flipkart_web,valid,2026-10-09 05:53:11,2026-10-09 05:53:11,etl_service,etl_service,49366b1b-144b-4b2f-a7ed-c71e8de0ce8a,BATCH_6686
182bffb5-3d33-4518-859f-39df27e8f90b,Realme Bluetooth Speaker Pro,Electronics,Realme,58930.24,90,active,flipkart_seller_portal,valid,2023-04-26 00:45:29,2023-04-26 00:45:29,etl_service,etl_service,2c663fd4-f422-45f7-978d-cf210dca051f,BATCH_6842
92dc2e90-093c-44dc-b21d-a7b4890ecbb2,Havells Dinner Set Plus,Home & Kitchen,Havells,13052.77,492,active,flipkart_app,valid,2025-11-20 08:00:52,2025-11-20 08:00:52,etl_service,etl_service,d4947230-3d7c-4a71-bbcc-d864dac1a337,BATCH_4884
f49e9801-92f9-4b09-a826-2870749cee73,Mamaearth Face Wash Standard,Beauty & Personal Care,Mamaearth,425.0,126,active,flipkart_app,invalid,2026-06-15 12:26:08,2026-06-15 12:26:08,etl_service,etl_service,f7e00072-5caa-454d-902b-8eff030562b3,BATCH_4913
339c36c8-0445-46f7-9c42-396847f35408,Borosil Mixer Grinder Lite,Home & Kitchen,Borosil,14604.6,492,active,flipkart_app,valid,2021-02-04 00:39:48,2021-02-04 00:39:48,etl_service,etl_service,42b95008-ff53-4459-8021-0686881d2968,BATCH_2253
36b36814-213a-4944-8671-b7b77d2681e1,Decathlon Running Shoes Pro,Sports & Fitness,Decathlon,2998.78,41,active,flipkart_app,valid,2023-06-11 01:02:41,2023-06-11 01:02:41,etl_service,etl_service,37a43d78-3485-4c29-9c0f-8fddaeebc9da,BATCH_2717
dd401a7b-c369-4f15-b9f2-39c0eb3016c7,Mamaearth Shampoo Max,Beauty & Personal Care,Mamaearth,438.99,365,active,flipkart_app,valid,2021-06-24 03:05:30,2021-06-24 03:05:30,etl_service,etl_service,28c8f602-c28f-4384-8e3e-a19a9f4d98f6,BATCH_5266
b3bf0b88-c0fd-418d-ae41-d0921146a4dc,India Gate Basmati Rice Standard,Grocery,India Gate,1062.4,420,discontinued,flipkart_seller_portal,valid,2021-08-29 08:09:01,2021-08-29 08:09:01,etl_service,etl_service,b1316295-7fb0-411d-afed-a53609fdee68,BATCH_5464
3d7fbe0f-c4c9-4bd5-b7a2-b180d839516e,Barbie Stuffed Toy,Toys & Baby,Barbie,3177.77,165,discontinued,flipkart_web,valid,2023-08-27 18:15:11,2023-08-27 18:15:11,etl_service,etl_service,25513edb-a359-459f-87fc-be78857e1270,BATCH_3954
13a5bf48-68fc-4239-8739-4ba703362835,Rupa Publications Cookbook,Books,Rupa Publications,701.65,136,out_of_stock,flipkart_seller_portal,duplicate,2019-07-06 19:46:50,2019-07-06 19:46:50,etl_service,etl_service,9e78132d-a433-443d-a691-7f795ff94bf6,BATCH_2032
e55ca8f6-6b4e-425a-a3c0-7ce3025ffe99,Bloomsbury Comic Book Plus,Books,Bloomsbury,987.09,445,active,flipkart_web,valid,2020-12-30 11:57:00,2020-12-30 11:57:00,etl_service,etl_service,b3b0679c-dad5-463c-99e0-f7b87ae507b0,BATCH_3506
d9383634-33e7-4641-9a08-5291bb36c1d6,Dove Shampoo Lite,Beauty & Personal Care,Dove,1726.87,246,active,flipkart_app,valid,2024-05-17 22:22:56,2024-05-17 22:22:56,etl_service,etl_service,2256ad28-6fca-4681-9eea-b8619ac639bd,BATCH_7809
4e034200-8742-40ef-9101-c5eb91b3fd0b,Reebok Skipping Rope,Sports & Fitness,Reebok,7362.65,316,active,flipkart_web,duplicate,2024-08-20 15:23:59,2024-08-20 15:23:59,etl_service,etl_service,dad536a5-b777-4f6f-8ba1-db5ecf526474,BATCH_2352
9865cd77-cf02-4a38-a870-a334e07b80d3,Prestige Water Bottle Pro,Home & Kitchen,Prestige,10786.5,56,active,flipkart_seller_portal,valid,2020-08-07 04:10:34,2020-08-07 04:10:34,etl_service,etl_service,a9bd1e2b-abe3-40a5-8227-1fdd07b89bea,BATCH_1055
4bedf3aa-d1e0-4cbd-87a0-364e2ac00f35,LOreal Lipstick Plus,Beauty & Personal Care,LOreal,433.1,170,active,flipkart_web,valid,2019-01-23 21:45:10,2019-01-23 21:45:10,etl_service,etl_service,3e6fe96e-c963-4a21-b754-72b3c349c120,BATCH_2373
50584ce9-164e-43bc-9733-299f84f5aded,Barbie Building Blocks Classic,Toys & Baby,Barbie,3209.03,110,out_of_stock,flipkart_web,valid,2021-05-08 16:05:45,2021-05-08 16:05:45,etl_service,etl_service,2060b1d8-6b59-4ba4-90bf-98d57a5011d0,BATCH_2984
654ba926-51d7-4787-90c0-96dad0a6d53e,OnePlus Camera Plus,Electronics,OnePlus,34033.39,414,active,flipkart_app,valid,2022-05-15 02:24:22,2022-05-15 02:24:22,etl_service,etl_service,de79a108-fb37-425d-b62c-a1620d5c62a0,BATCH_4192
2cb930a4-c42d-41e3-85df-6cae89ba738a,LOreal Sunscreen Max,Beauty & Personal Care,LOreal,2273.66,353,active,flipkart_app,valid,2018-03-13 17:33:02,2018-03-13 17:33:02,etl_service,etl_service,0748d77e-472a-4964-805e-62e6a4972bd7,BATCH_4528
9926423c-c268-4185-9906-5db388fb0f90,Lakme Face Cream Plus,Beauty & Personal Care,Lakme,811.01,172,out_of_stock,flipkart_seller_portal,duplicate,2024-08-03 14:27:25,2024-08-03 14:27:25,etl_service,etl_service,bc366e26-53df-4d5d-bbe6-11741d1d840a,BATCH_2444
528b4a6d-2f17-4a25-ba4c-99ac366e722a,Bajaj Storage Box Lite,Home & Kitchen,Bajaj,1023.22,487,active,flipkart_seller_portal,invalid,2021-11-04 03:17:48,2021-11-04 03:17:48,etl_service,etl_service,c926bf4e-97bb-48dc-b724-187122bd6508,BATCH_4950
5c6a03a7-8c97-4776-98d7-0e04d2da2ea4,Vintage Self-Help Book Standard,Books,Vintage,204.62,24,out_of_stock,flipkart_app,valid,2018-12-09 12:43:41,2018-12-09 12:43:41,etl_service,etl_service,58232d61-07d2-4f5b-a68d-927515798873,BATCH_8852
953b706e-3701-4ff9-8065-429b63a03fbc,Dove Body Lotion Edition 2026,Beauty & Personal Care,Dove,2430.76,433,active,flipkart_app,valid,2025-06-06 20:06:08,2025-06-06 20:06:08,etl_service,etl_service,b12e0325-0e00-4f5a-9180-b54f85ea543f,BATCH_8716
2e0384e1-c5c3-411d-b10e-f34ed7b7f848,MTR Basmati Rice Classic,Grocery,MTR,1413.44,460,active,flipkart_app,duplicate,2025-04-07 04:18:28,2025-04-07 04:18:28,etl_service,etl_service,ed2584f9-c2d2-4206-b4be-142ccd55fde8,BATCH_4634
c7d4b93b-1a3c-486a-be24-790ab0b37af9,Realme Headphones Edition 2026,Electronics,Realme,51794.29,99,out_of_stock,flipkart_app,valid,2018-12-01 11:34:25,2018-12-01 11:34:25,etl_service,etl_service,da3d608f-33fa-4122-b3ff-b8d81efe9ce5,BATCH_5390
8d0c315b-0a18-460d-bbdb-a2defadf0f6a,Biotique Body Lotion Classic,Beauty & Personal Care,Biotique,680.11,439,discontinued,flipkart_web,valid,2024-10-17 11:16:49,2024-10-17 11:16:49,etl_service,etl_service,f01dd5fb-8bb6-49a9-ab2d-8cf15d434100,BATCH_2653
a6259127-17b1-4de9-b1f3-0aa7e1aefce1,LEGO Baby Walker Max,Toys & Baby,LEGO,3874.89,427,active,flipkart_web,invalid,2021-05-20 13:25:54,2021-05-20 13:25:54,etl_service,etl_service,50350188-f8ff-4eec-bbd0-ebd32181fcd7,BATCH_5740
005b1e2f-1df9-46af-8633-10263aebf44b,H&M Jeans Standard,Fashion,H&M,4280.89,169,active,flipkart_app,valid,2025-10-25 05:48:30,2025-10-25 05:48:30,etl_service,etl_service,4e4ea6c9-6401-4609-8d1a-95fd9d3bb9fd,BATCH_1675
63b5aa46-ddde-441e-af8c-e5b48b4d0e54,HarperCollins History Book Lite,Books,HarperCollins,874.69,205,active,flipkart_web,valid,2025-12-24 18:20:25,2025-12-24 18:20:25,etl_service,etl_service,b9ae5e26-3a87-4366-b362-4bca9a7f6a83,BATCH_4441
c6858b35-81b6-40a7-a93d-57dd4e46ac2d,Fabindia Sneakers Max,Fashion,Fabindia,1902.89,218,out_of_stock,flipkart_app,valid,2022-01-02 06:51:47,2022-01-02 06:51:47,etl_service,etl_service,33459703-2954-474a-8bd2-b3be579680dd,BATCH_5595
41bce9c9-b93f-415f-ac6c-d586da28ae2b,Sony Headphones Standard,Electronics,Sony,21611.46,430,active,flipkart_seller_portal,duplicate,2023-04-12 23:36:26,2023-04-12 23:36:26,etl_service,etl_service,96b98598-1146-4e08-be19-b2848a6c93ff,BATCH_5253
2b572e5c-2c09-4b72-be1b-4204de00a1fb,Vintage Cookbook Classic,Books,Vintage,993.82,231,active,flipkart_seller_portal,duplicate,2025-01-20 08:10:10,2025-01-20 08:10:10,etl_service,etl_service,a95777e3-b34b-4488-bd95-0f258d91e489,BATCH_9913
38a43816-f8bc-4fe4-bda7-1fec80f1abe8,Boldfit Running Shoes Classic,Sports & Fitness,Boldfit,6230.03,248,active,flipkart_app,valid,2019-07-02 10:55:55,2019-07-02 10:55:55,etl_service,etl_service,47bde178-e549-4aef-9142-c2b2c3f1f471,BATCH_6522
523f23d3-d44b-41f7-8adc-68a2f47a9791,Tata Basmati Rice Lite,Grocery,Tata,1206.5,470,active,flipkart_web,duplicate,2020-02-03 22:45:07,2020-02-03 22:45:07,etl_service,etl_service,d34a4f27-35ed-4c68-95fe-968946034a09,BATCH_6918
02d1581e-efcd-4633-9be9-7c7821162947,Hot Wheels Building Blocks Edition 2026,Toys & Baby,Hot Wheels,1432.37,198,out_of_stock,flipkart_seller_portal,valid,2025-06-25 07:24:29,2025-06-25 07:24:29,etl_service,etl_service,a479a7cf-3558-4309-9272-247d578772cd,BATCH_4218
54046efb-cbdf-4be8-9b9f-7ff895204e13,HarperCollins Cookbook Standard,Books,HarperCollins,986.85,327,active,flipkart_web,duplicate,2019-01-13 23:18:01,2019-01-13 23:18:01,etl_service,etl_service,877506c8-d050-4064-bafb-4b5c5824c158,BATCH_2453
7c4966c8-b87c-4176-a282-eceaa6967915,India Gate Honey Standard,Grocery,India Gate,1216.6,351,discontinued,flipkart_app,duplicate,2019-12-16 05:26:35,2019-12-16 05:26:35,etl_service,etl_service,38699794-c9b4-4fdc-b84f-b7752fcc6575,BATCH_8351
56c77f50-efb7-4e52-87d3-a8f73e74c4be,Philips Cookware Set Max,Home & Kitchen,Philips,13447.48,252,active,flipkart_app,valid,2022-08-31 12:01:01,2022-08-31 12:01:01,etl_service,etl_service,cf253606-96ff-495a-bc6c-068e3aa3542c,BATCH_7447
abce5fbd-a108-457f-9114-69ce165c76fe,Patanjali Cooking Oil Standard,Grocery,Patanjali,241.55,180,active,flipkart_seller_portal,valid,2019-04-27 06:19:41,2019-04-27 06:19:41,etl_service,etl_service,9fd33223-b372-470e-8685-b92f2e7be393,BATCH_3537
890a91b5-c7d4-491f-826a-52aecd1c28dd,Barbie Remote Control Car Edition 2026,Toys & Baby,Barbie,3367.03,226,discontinued,flipkart_seller_portal,duplicate,2023-03-29 01:21:33,2023-03-29 01:21:33,etl_service,etl_service,2569a85d-1624-4ee7-974b-aa2afa3d82e2,BATCH_4487
db72fe90-7e5b-4a8e-b022-ccfa18ee8591,Nivea Hair Dryer Classic,Beauty & Personal Care,Nivea,798.68,453,out_of_stock,flipkart_web,duplicate,2020-06-28 09:05:59,2020-06-28 09:05:59,etl_service,etl_service,6aba026d-b85f-4031-bc93-550333dbe439,BATCH_9445
4589768c-91b0-49a7-8765-fc16e1c718bd,LOreal Trimmer Lite,Beauty & Personal Care,LOreal,702.22,239,active,flipkart_seller_portal,invalid,2020-06-15 02:58:54,2020-06-15 02:58:54,etl_service,etl_service,bcaa9e36-da8c-4768-8bb6-5317497568d1,BATCH_3012
4ca00374-35e9-4fc8-a500-566c33727aef,Fisher-Price Baby Stroller Classic,Toys & Baby,Fisher-Price,1985.3,220,active,flipkart_web,valid,2024-12-05 18:08:14,2024-12-05 18:08:14,etl_service,etl_service,b9f2c2dd-2b52-4ce9-9622-1af35de66d0c,BATCH_3029
044ebfc8-11f8-4e22-9cf2-c04c8170e65b,Butterfly Curtains Plus,Home & Kitchen,Butterfly,3293.58,215,active,flipkart_app,valid,2019-09-08 02:49:27,2019-09-08 02:49:27,etl_service,etl_service,84ac76c9-b6b9-401d-96b3-6aa3c6462d7d,BATCH_2150
46b5cd65-615d-4e0f-bae8-36a4d8d6b92f,Raymond Jacket Lite,Fashion,Raymond,1333.9,442,active,flipkart_web,valid,2020-02-22 20:08:04,2020-02-22 20:08:04,etl_service,etl_service,298f2abc-a80c-42e3-87b8-29c68d44d7d1,BATCH_5486
9c400f7b-8234-409d-8bff-93960032f14e,Borosil Vacuum Cleaner Edition 2026,Home & Kitchen,Borosil,13880.78,498,active,flipkart_web,duplicate,2020-08-23 05:58:19,2020-08-23 05:58:19,etl_service,etl_service,1970f7ee-7cc1-4efc-a718-05c8c1214dab,BATCH_5044
c130bab7-0617-435f-aa1c-cf19353b3991,Milton Vacuum Cleaner Edition 2026,Home & Kitchen,Milton,7953.7,431,active,flipkart_app,duplicate,2025-10-17 13:36:28,2025-10-17 13:36:28,etl_service,etl_service,64b1cae7-88d1-4210-8ce5-5615b92ba4af,BATCH_2538
864fad06-c237-4be7-a54f-45587a753c06,Fabindia Jeans,Fashion,Fabindia,4156.01,492,active,flipkart_web,valid,2021-03-04 20:19:02,2021-03-04 20:19:02,etl_service,etl_service,f052185c-5801-4f21-964d-06a437a63e18,BATCH_1053
f1d8428c-97bd-4d59-bba0-bf0058850753,Pigeon Dinner Set Classic,Home & Kitchen,Pigeon,2366.45,38,active,flipkart_web,valid,2023-01-07 19:02:04,2023-01-07 19:02:04,etl_service,etl_service,3ff1f400-9a65-49af-b363-53809c6105ae,BATCH_4831
48870174-3287-4912-80da-6e7bef3efe8d,Tata Coffee Powder Pro,Grocery,Tata,203.53,93,active,flipkart_app,valid,2024-03-25 03:11:01,2024-03-25 03:11:01,etl_service,etl_service,2bb116e7-6581-4840-afc5-83c18f56b549,BATCH_7588
500197bb-7220-47ee-86e9-e7e237929dcc,Wonderchef Table Lamp Pro,Home & Kitchen,Wonderchef,3428.0,10,active,flipkart_web,valid,2024-04-01 15:47:27,2024-04-01 15:47:27,etl_service,etl_service,639d26aa-572d-44d9-a2ee-5e383c3426fc,BATCH_6835
aa7da41e-30da-4860-aefd-abfd0f13c501,Mattel Doll House Plus,Toys & Baby,Mattel,3762.03,97,active,flipkart_app,valid,2023-02-11 09:51:58,2023-02-11 09:51:58,etl_service,etl_service,c124aff1-a369-452e-8540-48f52c1ff854,BATCH_4031
20c77997-9bcc-412a-b243-9e8fcfb56d7a,Barbie Baby Stroller Lite,Toys & Baby,Barbie,1173.77,160,discontinued,flipkart_app,valid,2019-10-15 00:31:41,2019-10-15 00:31:41,etl_service,etl_service,09bad23b-6076-4193-9d88-2b2e7b198cbb,BATCH_1238
f742b979-cd6a-412a-bc0b-20a15562f1e3,Borosil Air Fryer Standard,Home & Kitchen,Borosil,11016.1,381,active,flipkart_seller_portal,valid,2018-06-23 19:47:51,2018-06-23 19:47:51,etl_service,etl_service,84f62681-6f42-45cd-aa64-6506b303e940,BATCH_1774
e89a7bd0-627e-492f-83ff-319dc01bc037,Adidas Fitness Band Lite,Sports & Fitness,Adidas,3716.63,386,discontinued,flipkart_seller_portal,valid,2020-07-17 02:02:12,2020-07-17 02:02:12,etl_service,etl_service,eacee8fa-0029-4e34-9087-0982d7495fb4,BATCH_4700
0e730bc9-0bd2-4fbd-97e3-1697a5478808,Vintage Travel Guide Pro,Books,Vintage,946.33,100,discontinued,flipkart_app,valid,2023-12-13 20:28:08,2023-12-13 20:28:08,etl_service,etl_service,e136a908-a46c-427f-a510-54899cd0276c,BATCH_5040
90ee5add-0ef1-48c0-be57-7f458028989b,Philips Nail Polish Max,Beauty & Personal Care,Philips,2461.05,422,active,flipkart_seller_portal,duplicate,2019-04-11 17:44:13,2019-04-11 17:44:13,etl_service,etl_service,8ea4aef4-daf9-4d36-9e4b-bb258210cb4d,BATCH_8754
0f9e0cf0-43c2-47c8-b5c2-0db9b1777a50,Oxford Self-Help Book Max,Books,Oxford,361.02,211,active,flipkart_app,valid,2022-03-01 08:51:20,2022-03-01 08:51:20,etl_service,etl_service,cecd0d56-b7c2-4128-b34d-827821d47146,BATCH_6351
533b5fce-f659-479a-b3c2-a1fbc90a1583,Pigeon Dinner Set Pro,Home & Kitchen,Pigeon,1517.5,84,active,flipkart_app,valid,2023-11-25 18:04:12,2023-11-25 18:04:12,etl_service,etl_service,5e8de679-3f11-4b39-b84c-282196ab503f,BATCH_2721
bb7f567a-2000-40ca-8030-f633784151cd,Disney Doll House Max,Toys & Baby,Disney,4444.24,182,active,flipkart_app,valid,2021-07-30 21:35:24,2021-07-30 21:35:24,etl_service,etl_service,378f9dca-6837-415a-b9e8-61508f831c9b,BATCH_1762
6bbc06e9-edac-4568-8ae6-b7b9e73c66bc,LOreal Sunscreen Classic,Beauty & Personal Care,LOreal,1990.02,412,active,flipkart_web,valid,2020-04-27 09:26:56,2020-04-27 09:26:56,etl_service,etl_service,8f372a9b-3bbb-42d1-a103-4a7541492f55,BATCH_5008
ed0ea654-57ff-44d3-b825-e1b34a247b6e,Nike Kurta Plus,Fashion,Nike,1141.67,234,active,flipkart_web,valid,2021-04-08 00:18:38,2021-04-08 00:18:38,etl_service,etl_service,2828f8a3-c7d7-48f9-938e-1749f1aeb6b3,BATCH_4448
92db545d-da23-45a9-bb20-7d4ce485b6fa,LOreal Sunscreen Classic,Beauty & Personal Care,LOreal,1416.99,35,discontinued,flipkart_web,invalid,2025-12-31 12:37:17,2025-12-31 12:37:17,etl_service,etl_service,99e2ae84-a48d-461f-b894-fe1842c7f49d,BATCH_8036
f1510da8-0a72-4848-8fc2-1fbacb235ce6,Barbie Board Game,Toys & Baby,Barbie,1714.59,75,active,flipkart_app,valid,2024-11-02 03:44:25,2024-11-02 03:44:25,etl_service,etl_service,be7eb1f3-b521-4d17-8699-7e6a6a0da7f2,BATCH_9942
0f02ca1f-5877-4e5d-9bb4-2f7280c256e8,Reebok Dumbbells Lite,Sports & Fitness,Reebok,7400.72,318,out_of_stock,flipkart_web,valid,2018-10-03 07:12:03,2018-10-03 07:12:03,etl_service,etl_service,6736bd71-bd91-40e1-bb10-eb1e4379ef63,BATCH_5680
f3d58cad-f0ac-430d-8eb4-0176bb7fc763,Dell Camera Edition 2026,Electronics,Dell,2358.32,5,active,flipkart_app,valid,2021-05-19 15:48:03,2021-05-19 15:48:03,etl_service,etl_service,85672383-b056-40b3-ab97-e3b73397cd08,BATCH_9120
d05d6f63-bad1-4414-9a91-72ec890dae6a,Cosco Cycling Helmet,Sports & Fitness,Cosco,7101.53,489,active,flipkart_app,valid,2019-07-15 01:22:24,2019-07-15 01:22:24,etl_service,etl_service,7ab60d4a-e398-4af3-ac60-7663a2bb35dd,BATCH_7079
49ff54c4-2246-446a-bb7d-98fe4e519ec6,Maybelline Sunscreen Lite,Beauty & Personal Care,Maybelline,885.14,318,out_of_stock,flipkart_app,invalid,2024-01-03 10:04:16,2024-01-03 10:04:16,etl_service,etl_service,1fe626f6-358a-4b0c-a8c7-bbe870a571fa,BATCH_4477
ff456b51-223e-4f13-abb0-ab72cdd046ba,Cello Storage Box Pro,Home & Kitchen,Cello,800.49,25,active,flipkart_web,invalid,2020-08-10 01:12:08,2020-08-10 01:12:08,etl_service,etl_service,4a6464e3-64f6-4e46-85fd-9dd6fd16da0e,BATCH_2996
6cc435a0-aab4-42b7-ba80-fb16906b7988,Fortune Cooking Oil Lite,Grocery,Fortune,489.68,108,discontinued,flipkart_seller_portal,valid,2026-11-09 04:55:29,2026-11-09 04:55:29,etl_service,etl_service,371aadc1-5f40-4f97-8e59-101dd4fb870c,BATCH_6011
047e7ff0-5a07-4b01-b97e-b95ee3553b60,Funskool Action Figure Standard,Toys & Baby,Funskool,4864.74,209,discontinued,flipkart_web,invalid,2019-03-22 05:51:19,2019-03-22 05:51:19,etl_service,etl_service,75f21cbd-07de-4a2c-9f83-787aa780b77c,BATCH_5567
